05/01/2020 21:36,4.37
05/01/2020 21:39,4.37
05/01/2020 21:42,4.38
05/01/2020 21:45,4.38
05/01/2020 21:48,4.37
05/01/2020 21:51,4.37
05/01/2020 21:54,4.37
05/01/2020 21:57,4.37
05/01/2020 22:00,4.36
05/01/2020 22:03,4.36
05/01/2020 22:06,4.36
05/01/2020 22:09,4.35
05/01/2020 22:12,4.35
05/01/2020 22:15,4.35
05/01/2020 22:18,4.35
05/01/2020 22:21,4.35
05/01/2020 22:24,4.34
05/01/2020 22:27,4.34
05/01/2020 22:30,4.34
05/01/2020 22:33,4.33
05/01/2020 22:36,4.33
05/01/2020 22:39,4.33
05/01/2020 22:42,4.33
05/01/2020 22:45,4.33
05/01/2020 22:48,4.33
05/01/2020 22:51,4.32
05/01/2020 22:54,4.32
05/01/2020 22:57,4.31
05/01/2020 23:00,4.3
05/01/2020 23:03,4.29
05/01/2020 23:06,4.29
05/01/2020 23:09,4.28
05/01/2020 23:12,4.28
05/01/2020 23:15,4.27
05/01/2020 23:18,4.26
05/01/2020 23:21,4.25
05/01/2020 23:24,4.25
05/01/2020 23:27,4
05/01/2020 23:30,4.23
05/01/2020 23:33,4.22
05/01/2020 23:36,3.2
05/01/2020 23:39,3.15
05/01/2020 23:42,3.11
05/01/2020 23:45,3.07
05/01/2020 23:48,3.03
05/01/2020 23:51,2.99
05/01/2020 23:54,2.96
05/01/2020 23:57,2.92
06/01/2020 00:00,2.89
06/01/2020 00:03,2.87
06/01/2020 00:06,2.59
06/01/2020 00:09,2.55
06/01/2020 00:12,2.52
06/01/2020 00:15,2.49
06/01/2020 00:18,2.45
06/01/2020 00:21,2.42
06/01/2020 00:24,2.39
06/01/2020 00:27,2.36
06/01/2020 00:30,2.32
06/01/2020 00:33,2.29
06/01/2020 00:36,2.26
06/01/2020 00:39,2.23
06/01/2020 00:42,2.21
06/01/2020 00:45,2.17
06/01/2020 00:48,2.14
06/01/2020 00:51,2.11
06/01/2020 00:54,2.08
06/01/2020 00:57,2.04
06/01/2020 01:00,2.01
06/01/2020 01:03,1.99
06/01/2020 01:06,1.96
06/01/2020 01:09,1.93
06/01/2020 01:12,1.9
06/01/2020 01:15,1.88
06/01/2020 01:18,1.85
06/01/2020 01:21,1.82
06/01/2020 01:24,1.8
06/01/2020 01:27,1.77
06/01/2020 01:30,1.75
06/01/2020 01:33,1.72
06/01/2020 01:36,1.7
06/01/2020 01:39,1.67
06/01/2020 01:43,1.64
06/01/2020 01:46,1.63
06/01/2020 01:49,1.61
06/01/2020 01:52,1.59
06/01/2020 01:55,1.58
06/01/2020 01:58,1.57
06/01/2020 02:01,1.56
06/01/2020 02:04,1.55
06/01/2020 02:07,1.54
06/01/2020 02:10,1.54
06/01/2020 02:13,1.53
06/01/2020 02:16,1.53
06/01/2020 02:19,1.53
06/01/2020 02:22,1.53
06/01/2020 02:25,1.53
06/01/2020 02:28,1.53
06/01/2020 02:31,1.54
06/01/2020 02:34,1.54
06/01/2020 02:37,1.55
06/01/2020 02:40,1.55
06/01/2020 02:43,1.57
06/01/2020 02:46,1.58
06/01/2020 02:49,1.59
06/01/2020 02:52,1.6
06/01/2020 02:55,1.61
06/01/2020 02:58,1.62
06/01/2020 03:01,1.63
06/01/2020 03:04,1.65
06/01/2020 03:07,1.66
06/01/2020 03:10,1.68
06/01/2020 03:13,1.69
06/01/2020 03:16,1.71
06/01/2020 03:19,1.73
06/01/2020 03:22,1.75
06/01/2020 03:25,1.77
06/01/2020 03:28,1.79
06/01/2020 03:31,1.81
06/01/2020 03:34,1.83
06/01/2020 03:37,2.72
06/01/2020 03:40,2.73
06/01/2020 03:43,2.7
06/01/2020 03:46,2.71
06/01/2020 03:49,2.71
06/01/2020 03:52,2.72
06/01/2020 03:55,2.73
06/01/2020 03:58,2.73
06/01/2020 04:01,2.74
06/01/2020 04:04,2.74
06/01/2020 04:07,2.75
06/01/2020 04:10,2.76
06/01/2020 04:13,2.76
06/01/2020 04:16,2.77
06/01/2020 04:19,2.78
06/01/2020 04:22,2.79
06/01/2020 04:25,2.79
06/01/2020 04:28,2.8
06/01/2020 04:31,2.81
06/01/2020 04:34,2.82
06/01/2020 04:37,2.82
06/01/2020 04:40,2.83
06/01/2020 04:43,2.84
06/01/2020 04:46,2.91
06/01/2020 04:49,2.92
06/01/2020 04:52,2.93
06/01/2020 04:55,2.93
06/01/2020 04:58,2.94
06/01/2020 05:01,2.94
06/01/2020 05:04,2.95
06/01/2020 05:07,2.96
06/01/2020 05:10,2.96
06/01/2020 05:13,2.97
06/01/2020 05:16,2.98
06/01/2020 05:19,2.99
06/01/2020 05:22,2.99
06/01/2020 05:25,3
06/01/2020 05:28,3
06/01/2020 05:31,3.01
06/01/2020 05:34,3.02
06/01/2020 05:37,3.02
06/01/2020 05:40,3.02
06/01/2020 05:43,3.03
06/01/2020 05:46,3.02
06/01/2020 05:49,3.02
06/01/2020 05:52,3.02
06/01/2020 05:55,3.02
06/01/2020 05:58,3.02
06/01/2020 06:01,3.02
06/01/2020 06:04,3.02
06/01/2020 06:07,2.69
06/01/2020 06:11,2.7
06/01/2020 06:14,2.72
06/01/2020 06:17,2.73
06/01/2020 06:20,2.75
06/01/2020 06:23,2.77
06/01/2020 06:26,2.79
06/01/2020 06:29,2.81
06/01/2020 06:32,2.83
06/01/2020 06:35,2.89
06/01/2020 06:38,1.91
06/01/2020 06:41,1.92
06/01/2020 06:44,1.9
06/01/2020 06:47,1.88
06/01/2020 06:50,1.86
06/01/2020 06:53,1.84
06/01/2020 06:56,1.82
06/01/2020 06:59,1.8
06/01/2020 07:02,1.78
06/01/2020 07:05,1.75
06/01/2020 07:08,1.73
06/01/2020 07:11,1.7
06/01/2020 07:14,1.68
06/01/2020 07:17,1.65
06/01/2020 07:20,1.62
06/01/2020 07:23,1.59
06/01/2020 07:26,1.57
06/01/2020 07:29,1.54
06/01/2020 07:32,1.51
06/01/2020 07:35,1.48
06/01/2020 07:38,1.45
06/01/2020 07:41,1.43
06/01/2020 07:44,1.4
06/01/2020 07:47,1.37
06/01/2020 07:50,1.35
06/01/2020 07:53,1.32
06/01/2020 07:56,1.3
06/01/2020 07:59,1.28
06/01/2020 08:02,1.26
06/01/2020 08:05,1.24
06/01/2020 08:08,1.22
06/01/2020 08:11,1.2
06/01/2020 08:14,1.18
06/01/2020 08:17,1.16
06/01/2020 08:20,1.14
06/01/2020 08:23,1.12
06/01/2020 08:26,1.1
06/01/2020 08:29,1.08
06/01/2020 08:32,1.06
06/01/2020 08:35,1.04
06/01/2020 08:38,1.03
06/01/2020 08:41,1.04
06/01/2020 08:44,1.03
06/01/2020 08:47,1.02
06/01/2020 08:50,1.02
06/01/2020 08:53,1.02
06/01/2020 08:56,1.02
06/01/2020 08:59,1.03
06/01/2020 09:02,1.04
06/01/2020 09:05,1.06
06/01/2020 09:08,1.08
06/01/2020 09:11,1.1
06/01/2020 09:14,1.13
06/01/2020 09:17,1.16
06/01/2020 09:20,1.19
06/01/2020 09:23,1.22
06/01/2020 09:26,1.25
06/01/2020 09:29,1.29
06/01/2020 09:32,1.33
06/01/2020 09:35,1.37
06/01/2020 09:38,1.41
06/01/2020 09:41,1.43
06/01/2020 09:44,1.48
06/01/2020 09:47,2.13
06/01/2020 09:50,2.16
06/01/2020 09:53,2.2
06/01/2020 09:56,2.23
06/01/2020 09:59,2.27
06/01/2020 10:02,2.31
06/01/2020 10:05,2.34
06/01/2020 10:08,2.38
06/01/2020 10:11,2.43
06/01/2020 10:14,2.47
06/01/2020 10:17,2.51
06/01/2020 10:20,2.56
06/01/2020 10:23,2.61
06/01/2020 10:26,2.65
06/01/2020 10:29,2.7
06/01/2020 10:32,2.75
06/01/2020 10:35,2.79
06/01/2020 10:38,2.84
06/01/2020 10:41,2.86
06/01/2020 10:44,2.9
06/01/2020 10:47,2.95
06/01/2020 10:50,2.99
06/01/2020 10:54,3.04
06/01/2020 10:57,3.08
06/01/2020 11:00,3.11
06/01/2020 11:03,3.15
06/01/2020 11:06,3.19
06/01/2020 11:09,3.22
06/01/2020 11:12,3.26
06/01/2020 11:15,3.29
06/01/2020 11:18,3.33
06/01/2020 11:21,3.36
06/01/2020 11:24,3.39
06/01/2020 11:27,3.42
06/01/2020 11:30,3.45
06/01/2020 11:33,3.48
06/01/2020 11:36,3.51
06/01/2020 11:39,3.54
06/01/2020 11:42,3.54
06/01/2020 11:45,3.57
06/01/2020 11:48,3.59
06/01/2020 11:51,3.62
06/01/2020 11:54,3.65
06/01/2020 11:57,3.65
06/01/2020 12:00,3.67
06/01/2020 12:03,3.7
06/01/2020 12:06,3.8
06/01/2020 12:09,3.82
06/01/2020 12:12,3.84
06/01/2020 12:15,3.86
06/01/2020 12:18,3.87
06/01/2020 12:21,3.89
06/01/2020 12:24,3.91
06/01/2020 12:27,3.93
06/01/2020 12:30,3.95
06/01/2020 12:33,3.96
06/01/2020 12:36,3.98
06/01/2020 12:39,4
06/01/2020 12:42,4.03
06/01/2020 12:45,4.06
06/01/2020 12:48,4.08
06/01/2020 12:51,4.1
06/01/2020 12:54,4.12
06/01/2020 12:57,4.15
06/01/2020 13:00,4.17
06/01/2020 13:03,4.2
06/01/2020 13:06,4.23
06/01/2020 13:09,4.26
06/01/2020 13:12,4.29
06/01/2020 13:15,4.32
06/01/2020 13:18,4.36
06/01/2020 13:21,4.39
06/01/2020 13:24,4.42
06/01/2020 13:27,4.46
06/01/2020 13:30,4.49
06/01/2020 13:33,4.53
06/01/2020 13:36,4.56
06/01/2020 13:39,4.6
06/01/2020 13:42,4.61
06/01/2020 13:45,4.65
06/01/2020 13:48,4.69
06/01/2020 13:51,4.73
06/01/2020 13:54,4.76
06/01/2020 13:57,4.8
06/01/2020 14:00,4.84
06/01/2020 14:03,4.87
06/01/2020 14:06,4.91
06/01/2020 14:09,4.95
06/01/2020 14:12,4.99
06/01/2020 14:15,5.02
06/01/2020 14:18,5.06
06/01/2020 14:21,5.1
06/01/2020 14:24,5.14
06/01/2020 14:27,5.18
06/01/2020 14:30,5.22
06/01/2020 14:33,5.26
06/01/2020 14:36,5.3
06/01/2020 14:39,5.34
06/01/2020 14:42,5.39
06/01/2020 14:45,5.43
06/01/2020 14:48,5.47
06/01/2020 14:51,5.5
06/01/2020 14:54,5.54
06/01/2020 14:58,5.58
06/01/2020 15:01,5.62
06/01/2020 15:04,5.65
06/01/2020 15:07,5.68
06/01/2020 15:10,5.71
06/01/2020 15:13,5.72
06/01/2020 15:16,5.74
06/01/2020 15:19,5.76
06/01/2020 15:22,5.77
06/01/2020 15:25,5.79
06/01/2020 15:28,5.81
06/01/2020 15:31,5.83
06/01/2020 15:34,5.85
06/01/2020 15:37,5.88
06/01/2020 15:40,5.92
06/01/2020 15:43,5.99
06/01/2020 15:46,6.04
06/01/2020 15:49,6.1
06/01/2020 15:52,6.17
06/01/2020 15:55,6.26
06/01/2020 15:58,6.35
06/01/2020 16:01,6.46
06/01/2020 16:04,6.6
06/01/2020 16:07,6.75
06/01/2020 16:10,6.91
06/01/2020 16:13,7.09
06/01/2020 16:16,7.29
06/01/2020 16:19,7.49
06/01/2020 16:22,7.7
06/01/2020 16:25,7.92
06/01/2020 16:28,8.14
06/01/2020 16:31,8.36
06/01/2020 16:34,8.58
06/01/2020 16:37,8.8
06/01/2020 16:40,8.98
06/01/2020 16:43,9.18
06/01/2020 16:46,9.38
06/01/2020 16:49,9.55
06/01/2020 16:52,9.72
06/01/2020 16:55,9.86
06/01/2020 16:58,9.99
06/01/2020 17:01,10.09
06/01/2020 17:04,10.18
06/01/2020 17:07,10.26
06/01/2020 17:10,10.33
06/01/2020 17:13,10.38
06/01/2020 17:16,10.43
06/01/2020 17:19,10.47
06/01/2020 17:22,10.5
06/01/2020 17:25,10.52
06/01/2020 17:28,10.53
06/01/2020 17:31,10.54
06/01/2020 17:34,10.55
06/01/2020 17:37,10.55
06/01/2020 17:40,10.55
06/01/2020 17:43,10.54
06/01/2020 17:46,10.53
06/01/2020 17:49,10.52
06/01/2020 17:52,10.52
06/01/2020 17:55,10.51
06/01/2020 17:58,10.51
06/01/2020 18:01,10.51
06/01/2020 18:04,10.51
06/01/2020 18:07,9.78
06/01/2020 18:10,9.67
06/01/2020 18:13,9.55
06/01/2020 18:16,9.42
06/01/2020 18:19,9.28
06/01/2020 18:22,9.14
06/01/2020 18:25,8.98
06/01/2020 18:28,8.83
06/01/2020 18:31,8.67
06/01/2020 18:34,8.52
06/01/2020 18:37,8.36
06/01/2020 18:40,8.22
06/01/2020 18:44,8.07
06/01/2020 18:47,7.93
06/01/2020 18:50,7.8
06/01/2020 18:53,7.67
06/01/2020 18:56,7.58
06/01/2020 18:59,7.48
06/01/2020 19:02,7.39
06/01/2020 19:05,7.43
06/01/2020 19:08,7.5
06/01/2020 19:11,7.49
06/01/2020 19:14,7.47
06/01/2020 19:17,7.19
06/01/2020 19:20,7.17
06/01/2020 19:23,7.16
06/01/2020 19:26,7.32
06/01/2020 19:29,7.31
06/01/2020 19:32,7.29
06/01/2020 19:35,7.27
06/01/2020 19:38,7.26
06/01/2020 19:41,7.24
06/01/2020 19:44,7.23
06/01/2020 19:47,6.83
06/01/2020 19:50,6.81
06/01/2020 19:53,6.8
06/01/2020 19:56,6.79
06/01/2020 19:59,6.77
06/01/2020 20:02,6.76
06/01/2020 20:05,6.91
06/01/2020 20:08,6.88
06/01/2020 20:11,6.85
06/01/2020 20:14,6.82
06/01/2020 20:17,6.79
06/01/2020 20:20,6.76
06/01/2020 20:23,6.73
06/01/2020 20:26,6.69
06/01/2020 20:29,6.66
06/01/2020 20:32,6.62
06/01/2020 20:35,6.59
06/01/2020 20:38,6.55
06/01/2020 20:41,6.55
06/01/2020 20:44,6.51
06/01/2020 20:47,6.47
06/01/2020 20:50,6.44
06/01/2020 20:53,6.42
06/01/2020 20:56,6.48
06/01/2020 20:59,6.44
06/01/2020 21:02,6.41
06/01/2020 21:05,6.38
06/01/2020 21:08,6.35
06/01/2020 21:11,6.33
06/01/2020 21:14,6.3
06/01/2020 21:17,6.16
06/01/2020 21:20,6.13
06/01/2020 21:23,6.11
06/01/2020 21:26,6.09
06/01/2020 21:29,6.06
06/01/2020 21:32,6.04
06/01/2020 21:35,6.02
06/01/2020 21:38,5.99
06/01/2020 21:41,5.97
06/01/2020 21:44,5.95
06/01/2020 21:47,5.93
06/01/2020 21:50,5.9
06/01/2020 21:53,5.88
06/01/2020 21:56,5.77
06/01/2020 21:59,5.75
06/01/2020 22:02,5.72
06/01/2020 22:05,5.7
06/01/2020 22:08,5.67
06/01/2020 22:11,5.65
06/01/2020 22:14,5.62
06/01/2020 22:17,5.73
06/01/2020 22:20,5.71
06/01/2020 22:23,5.69
06/01/2020 22:26,5.67
06/01/2020 22:29,5.65
06/01/2020 22:32,5.63
06/01/2020 22:35,5.44
06/01/2020 22:38,5.42
06/01/2020 22:41,5.42
06/01/2020 22:44,5.39
06/01/2020 22:47,5.37
06/01/2020 22:50,5.34
06/01/2020 22:53,5.32
06/01/2020 22:57,5.29
06/01/2020 23:00,5.27
06/01/2020 23:03,5.24
06/01/2020 23:06,5.22
06/01/2020 23:09,5.19
06/01/2020 23:12,5.17
06/01/2020 23:15,5.13
06/01/2020 23:18,5.11
06/01/2020 23:21,5.08
06/01/2020 23:24,5.06
06/01/2020 23:27,5.25
06/01/2020 23:30,5.22
06/01/2020 23:33,5.2
06/01/2020 23:36,5.17
06/01/2020 23:39,5.15
06/01/2020 23:42,5.16
06/01/2020 23:45,4.93
06/01/2020 23:48,4.91
06/01/2020 23:51,4.89
06/01/2020 23:54,4.86
06/01/2020 23:57,4.81
07/01/2020 00:00,4.79
07/01/2020 00:03,4.77
07/01/2020 00:06,4.75
07/01/2020 00:09,4.72
07/01/2020 00:12,4.7
07/01/2020 00:15,4.68
07/01/2020 00:18,4.66
07/01/2020 00:21,4.64
07/01/2020 00:24,4.62
07/01/2020 00:27,4.6
07/01/2020 00:30,4.58
07/01/2020 00:33,4.56
07/01/2020 00:36,4.54
07/01/2020 00:39,4.52
07/01/2020 00:42,4.47
07/01/2020 00:45,4.45
07/01/2020 00:48,4.43
07/01/2020 00:51,4.41
07/01/2020 00:54,4.39
07/01/2020 00:57,4.43
07/01/2020 01:00,4.41
07/01/2020 01:03,4.38
07/01/2020 01:06,4.36
07/01/2020 01:09,4.33
07/01/2020 01:12,4.31
07/01/2020 01:15,4.29
07/01/2020 01:18,4.27
07/01/2020 01:21,4.24
07/01/2020 01:24,4.22
07/01/2020 01:27,4.2
07/01/2020 01:30,4.17
07/01/2020 01:33,4.15
07/01/2020 01:36,4
07/01/2020 01:39,3.97
07/01/2020 01:42,3.95
07/01/2020 01:45,4.04
07/01/2020 01:48,4.02
07/01/2020 01:51,4
07/01/2020 01:54,3.98
07/01/2020 01:57,3.97
07/01/2020 02:00,3.95
07/01/2020 02:03,3.93
07/01/2020 02:06,3.92
07/01/2020 02:09,3.9
07/01/2020 02:12,3.89
07/01/2020 02:15,3.96
07/01/2020 02:18,3.95
07/01/2020 02:21,3.94
07/01/2020 02:24,3.93
07/01/2020 02:27,3.92
07/01/2020 02:30,3.91
07/01/2020 02:33,3.9
07/01/2020 02:36,3.89
07/01/2020 02:39,3.88
07/01/2020 02:42,3.91
07/01/2020 02:45,3.9
07/01/2020 02:48,3.89
07/01/2020 02:51,3.89
07/01/2020 02:54,3.88
07/01/2020 02:57,3.4
07/01/2020 03:00,3.38
07/01/2020 03:03,3.37
07/01/2020 03:06,3.36
07/01/2020 03:09,3.36
07/01/2020 03:12,3.35
07/01/2020 03:15,3.35
07/01/2020 03:19,3.34
07/01/2020 03:22,3.34
07/01/2020 03:25,3.34
07/01/2020 03:28,3.78
07/01/2020 03:31,3.77
07/01/2020 03:34,3.76
07/01/2020 03:37,3.75
07/01/2020 03:40,3.74
07/01/2020 03:43,3.7
07/01/2020 03:46,3.69
07/01/2020 03:49,3.68
07/01/2020 03:52,3.67
07/01/2020 03:55,3.66
07/01/2020 03:58,3.65
07/01/2020 04:01,3.64
07/01/2020 04:04,3.62
07/01/2020 04:07,3.61
07/01/2020 04:10,3.6
07/01/2020 04:13,3.59
07/01/2020 04:16,3.58
07/01/2020 04:19,3.56
07/01/2020 04:22,3.55
07/01/2020 04:25,3.54
07/01/2020 04:28,3.52
07/01/2020 04:31,3.51
07/01/2020 04:34,3.49
07/01/2020 04:37,3.48
07/01/2020 04:40,3.47
07/01/2020 04:43,3.45
07/01/2020 04:46,3.42
07/01/2020 04:49,3.4
07/01/2020 04:52,3.39
07/01/2020 04:55,3.38
07/01/2020 04:58,3.36
07/01/2020 05:01,3.35
07/01/2020 05:04,3.34
07/01/2020 05:07,3.33
07/01/2020 05:10,3.32
07/01/2020 05:13,3.31
07/01/2020 05:16,3.3
07/01/2020 05:19,3.29
07/01/2020 05:22,3.28
07/01/2020 05:25,3.27
07/01/2020 05:28,3.26
07/01/2020 05:31,3.25
07/01/2020 05:34,3.24
07/01/2020 05:37,3.23
07/01/2020 05:40,3.25
07/01/2020 05:43,3.24
07/01/2020 05:46,3.24
07/01/2020 05:49,3.22
07/01/2020 05:52,3.21
07/01/2020 05:55,3.2
07/01/2020 05:58,3.19
07/01/2020 06:01,3.17
07/01/2020 06:04,3.16
07/01/2020 06:07,3.14
07/01/2020 06:10,3.12
07/01/2020 06:13,3.1
07/01/2020 06:16,2.73
07/01/2020 06:19,2.75
07/01/2020 06:22,2.77
07/01/2020 06:25,2.8
07/01/2020 06:28,2.83
07/01/2020 06:31,2.85
07/01/2020 06:34,2.88
07/01/2020 06:37,2.91
07/01/2020 06:40,3.01
07/01/2020 06:43,3.04
07/01/2020 06:46,2.66
07/01/2020 06:49,2.66
07/01/2020 06:52,2.66
07/01/2020 06:55,2.43
07/01/2020 06:58,2.43
07/01/2020 07:01,2.44
07/01/2020 07:04,2.45
07/01/2020 07:07,2.46
07/01/2020 07:10,2.47
07/01/2020 07:13,2.49
07/01/2020 07:16,2.5
07/01/2020 07:19,2.52
07/01/2020 07:22,2.54
07/01/2020 07:25,2.56
07/01/2020 07:28,2.58
07/01/2020 07:31,2.59
07/01/2020 07:34,2.62
07/01/2020 07:37,2.64
07/01/2020 07:40,2.72
07/01/2020 07:43,2.74
07/01/2020 07:46,3.13
07/01/2020 07:50,3.14
07/01/2020 07:53,3.16
07/01/2020 07:56,3.17
07/01/2020 07:59,3.18
07/01/2020 08:02,3.2
07/01/2020 08:05,3.21
07/01/2020 08:08,3.22
07/01/2020 08:11,3.23
07/01/2020 08:14,3.24
07/01/2020 08:17,3.25
07/01/2020 08:20,3.25
07/01/2020 08:23,3.26
07/01/2020 08:26,3.27
07/01/2020 08:29,3.28
07/01/2020 08:32,3.29
07/01/2020 08:35,3.3
07/01/2020 08:38,3.31
07/01/2020 08:41,3.24
07/01/2020 08:44,3.26
07/01/2020 08:47,3.28
07/01/2020 08:50,3.3
07/01/2020 08:53,3.32
07/01/2020 08:56,3.34
07/01/2020 08:59,3.37
07/01/2020 09:02,3.4
07/01/2020 09:05,3.44
07/01/2020 09:08,3.48
07/01/2020 09:11,3.52
07/01/2020 09:14,3.56
07/01/2020 09:17,3.6
07/01/2020 09:20,3.65
07/01/2020 09:23,3.69
07/01/2020 09:26,3.74
07/01/2020 09:29,3.79
07/01/2020 09:32,3.84
07/01/2020 09:35,3.89
07/01/2020 09:38,3.95
07/01/2020 09:41,4
07/01/2020 09:44,4.06
07/01/2020 09:47,4.11
07/01/2020 09:50,4.17
07/01/2020 09:53,4.22
07/01/2020 09:56,4.28
07/01/2020 09:59,4.33
07/01/2020 10:02,4.38
07/01/2020 10:05,4.44
07/01/2020 10:08,4.5
07/01/2020 10:11,4.56
07/01/2020 10:14,4.62
07/01/2020 10:17,4.69
07/01/2020 10:20,4.75
07/01/2020 10:23,4.81
07/01/2020 10:26,4.88
07/01/2020 10:29,4.94
07/01/2020 10:32,5
07/01/2020 10:35,5.07
07/01/2020 10:38,5.13
07/01/2020 10:41,5.19
07/01/2020 10:44,5.26
07/01/2020 10:47,5.32
07/01/2020 10:50,5.37
07/01/2020 10:53,5.43
07/01/2020 10:56,5.49
07/01/2020 10:59,5.54
07/01/2020 11:02,5.59
07/01/2020 11:05,5.64
07/01/2020 11:08,5.69
07/01/2020 11:11,5.74
07/01/2020 11:14,5.79
07/01/2020 13:28,6.81
07/01/2020 13:31,6.82
07/01/2020 13:34,6.83
07/01/2020 13:37,6.85
07/01/2020 13:40,6.88
07/01/2020 13:43,6.98
07/01/2020 13:46,7.02
07/01/2020 13:49,7.07
07/01/2020 13:52,7.13
07/01/2020 13:55,7.2
07/01/2020 13:58,7.28
07/01/2020 14:01,7.38
07/01/2020 14:04,7.5
07/01/2020 14:07,7.63
07/01/2020 14:10,7.78
07/01/2020 14:13,7.94
07/01/2020 14:16,8.12
07/01/2020 14:19,8.3
07/01/2020 14:22,8.49
07/01/2020 14:25,8.68
07/01/2020 14:28,8.88
07/01/2020 14:31,9.07
07/01/2020 14:34,9.27
07/01/2020 14:37,9.46
07/01/2020 14:40,9.65
07/01/2020 14:43,9.82
07/01/2020 14:46,9.94
07/01/2020 14:50,10.1
07/01/2020 14:53,10.24
07/01/2020 14:56,10.37
07/01/2020 14:59,10.48
07/01/2020 15:02,10.57
07/01/2020 15:05,10.65
07/01/2020 15:08,10.71
07/01/2020 15:11,10.77
07/01/2020 15:14,10.81
07/01/2020 15:17,10.85
07/01/2020 15:20,10.87
07/01/2020 15:23,10.89
07/01/2020 15:26,10.9
07/01/2020 15:29,10.91
07/01/2020 15:32,10.92
07/01/2020 15:35,10.92
07/01/2020 15:38,10.92
07/01/2020 15:41,10.91
07/01/2020 15:44,10.91
07/01/2020 15:47,10.91
07/01/2020 15:50,10.91
07/01/2020 15:53,10.91
07/01/2020 15:56,10.92
07/01/2020 15:59,10.94
07/01/2020 16:02,10.96
07/01/2020 16:05,10.97
07/01/2020 16:08,10.99
07/01/2020 16:11,11.01
07/01/2020 16:14,11.02
07/01/2020 16:17,11.04
07/01/2020 16:20,11.05
07/01/2020 16:23,11.07
07/01/2020 16:26,11.08
07/01/2020 16:29,11.1
07/01/2020 16:32,11.11
07/01/2020 16:35,11.13
07/01/2020 16:38,11.14
07/01/2020 16:41,11.15
07/01/2020 16:44,11.16
07/01/2020 16:47,11.18
07/01/2020 16:50,11.19
07/01/2020 16:53,11.21
07/01/2020 16:56,11.23
07/01/2020 16:59,11.24
07/01/2020 17:02,11.26
07/01/2020 17:05,11.28
07/01/2020 17:08,11.3
07/01/2020 17:11,11.32
07/01/2020 17:14,11.33
07/01/2020 17:17,11.35
07/01/2020 17:20,11.37
07/01/2020 17:23,11.39
07/01/2020 17:26,11.41
07/01/2020 17:29,11.43
07/01/2020 17:32,11.45
07/01/2020 17:35,11.47
07/01/2020 17:38,11.49
07/01/2020 17:41,11.52
07/01/2020 17:44,11.54
07/01/2020 17:47,11.48
07/01/2020 17:50,11.5
07/01/2020 17:53,11.52
07/01/2020 17:56,11.54
07/01/2020 17:59,11.57
07/01/2020 18:02,11.59
07/01/2020 18:05,11.61
07/01/2020 18:08,11.64
07/01/2020 18:11,11.67
07/01/2020 18:14,11.7
07/01/2020 18:17,11.73
07/01/2020 18:20,11.76
07/01/2020 18:23,11.79
07/01/2020 18:26,11.83
07/01/2020 18:30,11.86
07/01/2020 18:33,11.89
07/01/2020 18:36,11.91
07/01/2020 18:39,11.94
07/01/2020 18:42,11.97
07/01/2020 18:45,12
07/01/2020 18:48,12.03
07/01/2020 18:51,12.05
07/01/2020 18:54,12.08
07/01/2020 18:57,12.12
07/01/2020 19:00,12.14
07/01/2020 19:03,12.17
07/01/2020 19:06,12.2
07/01/2020 19:09,12.23
07/01/2020 19:12,12.26
07/01/2020 19:15,12.29
07/01/2020 19:18,12.31
07/01/2020 19:21,12.34
07/01/2020 19:24,12.37
07/01/2020 19:27,12.4
07/01/2020 19:30,12.43
07/01/2020 19:33,12.46
07/01/2020 19:36,12.48
07/01/2020 19:39,12.51
07/01/2020 19:42,12.54
07/01/2020 19:45,12.56
07/01/2020 19:48,12.59
07/01/2020 19:51,12.61
07/01/2020 19:54,12.63
07/01/2020 19:57,12.65
07/01/2020 20:00,12.67
07/01/2020 20:03,12.69
07/01/2020 20:06,12.71
07/01/2020 20:09,12.72
07/01/2020 20:12,12.74
07/01/2020 20:15,12.75
07/01/2020 20:18,12.76
07/01/2020 20:21,12.77
07/01/2020 20:24,12.78
07/01/2020 20:27,12.79
07/01/2020 20:30,12.8
07/01/2020 20:33,12.81
07/01/2020 20:36,12.82
07/01/2020 20:39,12.83
07/01/2020 20:42,12.86
07/01/2020 20:45,12.87
07/01/2020 20:48,12.87
07/01/2020 20:51,12.88
07/01/2020 20:54,12.89
07/01/2020 20:57,12.9
07/01/2020 21:00,12.9
07/01/2020 21:03,12.91
07/01/2020 21:06,12.92
07/01/2020 21:09,12.92
07/01/2020 21:12,12.93
07/01/2020 21:15,12.94
07/01/2020 21:18,12.94
07/01/2020 21:21,12.95
07/01/2020 21:24,12.95
07/01/2020 21:27,12.96
07/01/2020 21:30,12.96
07/01/2020 21:33,12.97
07/01/2020 21:36,12.97
07/01/2020 21:39,12.97
07/01/2020 21:42,12.97
07/01/2020 21:45,12.98
07/01/2020 21:48,12.98
07/01/2020 21:51,12.98
07/01/2020 21:54,12.98
07/01/2020 21:57,12.99
07/01/2020 22:00,12.99
07/01/2020 22:03,12.99
07/01/2020 22:06,12.99
07/01/2020 22:09,12.99
07/01/2020 22:12,12.99
07/01/2020 22:15,12.98
07/01/2020 22:18,12.98
07/01/2020 22:21,12.98
07/01/2020 22:24,12.98
07/01/2020 22:27,12.97
07/01/2020 22:30,12.97
07/01/2020 22:33,12.97
07/01/2020 22:37,12.96
07/01/2020 22:40,12.96
07/01/2020 22:43,12.96
07/01/2020 22:46,12.95
07/01/2020 22:49,12.95
07/01/2020 22:52,12.95
07/01/2020 22:55,12.95
07/01/2020 22:58,12.94
07/01/2020 23:01,12.94
07/01/2020 23:04,12.94
07/01/2020 23:07,12.94
07/01/2020 23:10,12.94
07/01/2020 23:13,12.94
07/01/2020 23:16,12.94
07/01/2020 23:19,12.94
07/01/2020 23:22,12.94
07/01/2020 23:25,12.94
07/01/2020 23:28,12.94
07/01/2020 23:31,12.94
07/01/2020 23:34,12.94
07/01/2020 23:37,12.94
07/01/2020 23:40,12.94
07/01/2020 23:43,12.94
07/01/2020 23:46,12.94
07/01/2020 23:49,12.94
07/01/2020 23:52,12.94
07/01/2020 23:55,12.94
07/01/2020 23:58,12.94
08/01/2020 00:01,12.94
08/01/2020 00:04,12.94
08/01/2020 00:07,12.94
08/01/2020 00:10,12.94
08/01/2020 00:13,12.94
08/01/2020 00:16,12.95
08/01/2020 00:19,12.95
08/01/2020 00:22,12.95
08/01/2020 00:25,12.95
08/01/2020 00:28,12.95
08/01/2020 00:31,12.95
08/01/2020 00:34,12.95
08/01/2020 00:37,12.82
08/01/2020 00:40,12.83
08/01/2020 00:43,12.82
08/01/2020 00:46,12.82
08/01/2020 00:49,12.82
08/01/2020 00:52,12.82
08/01/2020 00:55,12.83
08/01/2020 00:58,12.83
08/01/2020 01:01,12.83
08/01/2020 01:04,12.83
08/01/2020 01:07,12.84
08/01/2020 01:10,12.84
08/01/2020 01:13,12.84
08/01/2020 01:16,12.84
08/01/2020 01:19,12.85
08/01/2020 01:22,12.85
08/01/2020 01:25,12.85
08/01/2020 01:28,12.86
08/01/2020 01:31,12.86
08/01/2020 01:34,12.86
08/01/2020 01:37,12.86
08/01/2020 01:40,12.87
08/01/2020 01:43,12.87
08/01/2020 01:46,12.87
08/01/2020 01:49,12.87
08/01/2020 01:52,12.88
08/01/2020 01:55,12.88
08/01/2020 01:58,12.88
08/01/2020 02:01,12.88
08/01/2020 02:04,12.88
08/01/2020 02:07,12.88
08/01/2020 02:10,12.89
08/01/2020 02:13,12.89
08/01/2020 02:16,12.89
08/01/2020 02:19,12.89
08/01/2020 02:22,12.89
08/01/2020 02:25,12.9
08/01/2020 02:28,12.9
08/01/2020 02:31,12.9
08/01/2020 02:34,12.9
08/01/2020 02:37,12.9
08/01/2020 02:40,12.9
08/01/2020 02:43,12.9
08/01/2020 02:46,12.9
08/01/2020 02:49,12.9
08/01/2020 02:52,12.9
08/01/2020 02:56,12.89
08/01/2020 02:59,12.89
08/01/2020 03:02,12.88
08/01/2020 03:05,12.87
08/01/2020 03:08,12.87
08/01/2020 03:11,12.86
08/01/2020 03:14,12.85
08/01/2020 03:17,12.84
08/01/2020 03:20,12.83
08/01/2020 03:23,12.82
08/01/2020 03:26,12.81
08/01/2020 03:29,12.8
08/01/2020 03:32,12.79
08/01/2020 03:35,12.78
08/01/2020 03:38,12.76
08/01/2020 03:41,12.76
08/01/2020 03:44,12.75
08/01/2020 03:47,12.73
08/01/2020 03:50,12.71
08/01/2020 03:53,12.7
08/01/2020 03:56,12.68
08/01/2020 03:59,12.66
08/01/2020 04:02,12.64
08/01/2020 04:05,12.62
08/01/2020 04:08,12.6
08/01/2020 04:11,12.57
08/01/2020 04:14,12.55
08/01/2020 04:17,12.52
08/01/2020 04:20,12.5
08/01/2020 04:23,12.47
08/01/2020 04:26,12.44
08/01/2020 04:29,12.42
08/01/2020 04:32,12.39
08/01/2020 04:35,12.36
08/01/2020 04:38,12.33
08/01/2020 04:41,12.31
08/01/2020 04:44,12.28
08/01/2020 04:47,12.25
08/01/2020 04:50,12.22
08/01/2020 04:53,12.19
08/01/2020 04:56,12.16
08/01/2020 04:59,12.13
08/01/2020 05:02,12.1
08/01/2020 05:05,12.07
08/01/2020 05:08,12.04
08/01/2020 05:11,12.01
08/01/2020 05:14,11.98
08/01/2020 05:17,11.95
08/01/2020 05:20,11.92
08/01/2020 05:23,11.89
08/01/2020 05:26,11.86
08/01/2020 05:29,11.83
08/01/2020 05:32,11.79
08/01/2020 05:35,11.76
08/01/2020 05:38,11.73
08/01/2020 05:41,11.69
08/01/2020 05:44,11.65
08/01/2020 05:47,11.62
08/01/2020 05:50,11.59
08/01/2020 05:53,11.56
08/01/2020 05:56,11.53
08/01/2020 05:59,11.5
08/01/2020 06:02,11.47
08/01/2020 06:05,11.44
08/01/2020 06:08,11.4
08/01/2020 06:11,11.37
08/01/2020 06:14,11.34
08/01/2020 06:17,11.31
08/01/2020 06:20,11.28
08/01/2020 06:23,11.25
08/01/2020 06:26,11.49
08/01/2020 06:29,11.46
08/01/2020 06:32,11.43
08/01/2020 06:35,11.39
08/01/2020 06:38,11.36
08/01/2020 06:41,11.33
08/01/2020 06:44,11.3
08/01/2020 06:47,11.27
08/01/2020 06:50,11.24
08/01/2020 06:53,11.2
08/01/2020 06:56,11.17
08/01/2020 06:59,11.14
08/01/2020 07:02,11.11
08/01/2020 07:05,11.09
08/01/2020 07:08,11.07
08/01/2020 07:11,11.05
08/01/2020 07:14,11.04
08/01/2020 07:17,11.02
08/01/2020 07:20,11
08/01/2020 07:23,10.99
08/01/2020 07:26,10.97
08/01/2020 07:29,10.95
08/01/2020 07:33,10.93
08/01/2020 07:36,10.91
08/01/2020 07:39,10.88
08/01/2020 07:42,10.87
08/01/2020 07:45,10.83
08/01/2020 07:48,10.79
08/01/2020 07:51,10.75
08/01/2020 07:54,10.69
08/01/2020 07:57,10.63
08/01/2020 08:00,10.56
08/01/2020 08:03,10.48
08/01/2020 08:06,10.38
08/01/2020 08:09,10.28
08/01/2020 08:12,10.16
08/01/2020 08:15,10.04
08/01/2020 08:18,9.9
08/01/2020 08:21,9.77
08/01/2020 08:24,9.63
08/01/2020 08:27,9.48
08/01/2020 08:30,9.34
08/01/2020 08:33,9.2
08/01/2020 08:36,9.05
08/01/2020 08:39,8.92
08/01/2020 08:42,10.27
08/01/2020 08:45,10.24
08/01/2020 08:48,10.2
08/01/2020 08:51,10.16
08/01/2020 08:54,10.11
08/01/2020 08:57,10.06
08/01/2020 09:00,10
08/01/2020 09:03,9.93
08/01/2020 09:06,9.85
08/01/2020 09:09,9.76
08/01/2020 09:12,9.66
08/01/2020 09:15,9.55
08/01/2020 09:18,9.44
08/01/2020 09:21,9.33
08/01/2020 09:24,9.21
08/01/2020 09:27,9.09
08/01/2020 09:30,8.97
08/01/2020 09:33,8.85
08/01/2020 09:36,8.74
08/01/2020 09:39,8.63
08/01/2020 09:42,8.52
08/01/2020 09:45,7.98
08/01/2020 09:48,7.99
08/01/2020 09:51,8
08/01/2020 09:54,8
08/01/2020 09:57,8.01
08/01/2020 10:00,8.01
08/01/2020 10:03,8.01
08/01/2020 10:06,8.01
08/01/2020 10:09,8.01
08/01/2020 10:12,8.01
08/01/2020 10:15,8.02
08/01/2020 10:18,8.02
08/01/2020 10:21,8.03
08/01/2020 10:24,8.04
08/01/2020 10:27,8.04
08/01/2020 10:30,8.05
08/01/2020 10:33,8.06
08/01/2020 10:36,8.07
08/01/2020 10:39,8.07
08/01/2020 10:42,8.12
08/01/2020 10:45,8.13
08/01/2020 10:48,8.14
08/01/2020 10:51,8.15
08/01/2020 10:54,8.16
08/01/2020 10:57,8.17
08/01/2020 11:00,8.17
08/01/2020 11:03,8.18
08/01/2020 11:06,8.19
08/01/2020 11:09,8.2
08/01/2020 11:12,8.2
08/01/2020 11:15,8.21
08/01/2020 11:18,8.22
08/01/2020 11:21,8.22
08/01/2020 11:24,8.23
08/01/2020 11:27,8.24
08/01/2020 11:30,8.25
08/01/2020 11:33,8.25
08/01/2020 11:36,8.24
08/01/2020 11:39,8.24
08/01/2020 11:42,8.19
08/01/2020 11:45,8.2
08/01/2020 11:48,8.22
08/01/2020 11:51,8.25
08/01/2020 11:54,8.28
08/01/2020 11:57,8.31
08/01/2020 12:00,8.36
08/01/2020 12:03,8.41
08/01/2020 12:07,8.48
08/01/2020 12:10,8.55
08/01/2020 12:13,8.63
08/01/2020 12:16,10.24
08/01/2020 12:19,10.24
08/01/2020 12:22,10.25
08/01/2020 12:25,10.25
08/01/2020 12:28,10.26
08/01/2020 12:31,10.26
08/01/2020 12:34,10.26
08/01/2020 12:37,10.27
08/01/2020 12:40,10.27
08/01/2020 12:43,10.28
08/01/2020 12:46,10.28
08/01/2020 12:49,10.28
08/01/2020 12:52,10.29
08/01/2020 12:55,10.29
08/01/2020 12:58,10.3
08/01/2020 13:01,10.31
08/01/2020 13:04,10.31
08/01/2020 13:07,10.32
08/01/2020 13:10,10.33
08/01/2020 13:13,10.34
08/01/2020 13:16,10.35
08/01/2020 13:19,10.36
08/01/2020 13:22,10.38
08/01/2020 13:25,10.39
08/01/2020 13:28,10.4
08/01/2020 13:31,10.41
08/01/2020 13:34,10.42
08/01/2020 13:37,10.43
08/01/2020 13:40,10.44
08/01/2020 13:43,10.46
08/01/2020 13:46,10.46
08/01/2020 13:49,10.47
08/01/2020 13:52,10.48
08/01/2020 13:55,10.48
08/01/2020 13:58,10.48
08/01/2020 14:01,10.49
08/01/2020 14:04,10.49
08/01/2020 14:07,10.48
08/01/2020 14:10,10.48
08/01/2020 14:13,10.48
08/01/2020 14:16,10.47
08/01/2020 14:19,10.47
08/01/2020 14:22,10.46
08/01/2020 14:25,10.45
08/01/2020 14:28,10.45
08/01/2020 14:31,10.44
08/01/2020 14:34,10.43
08/01/2020 14:37,10.42
08/01/2020 14:40,10.41
08/01/2020 14:43,10.4
08/01/2020 14:46,10.4
08/01/2020 14:49,10.39
08/01/2020 14:52,10.38
08/01/2020 14:55,10.37
08/01/2020 14:58,10.36
08/01/2020 15:01,10.35
08/01/2020 15:04,10.34
08/01/2020 15:07,10.33
08/01/2020 15:10,10.32
08/01/2020 15:13,10.31
08/01/2020 15:16,10.3
08/01/2020 15:19,10.28
08/01/2020 15:22,10.27
08/01/2020 15:25,10.26
08/01/2020 15:28,10.25
08/01/2020 15:31,10.23
08/01/2020 15:34,10.22
08/01/2020 15:37,10.21
08/01/2020 15:40,10.21
08/01/2020 15:43,10.2
08/01/2020 15:46,10.19
08/01/2020 15:49,10.17
08/01/2020 15:52,10.16
08/01/2020 15:55,10.15
08/01/2020 15:58,10.14
08/01/2020 16:01,10.13
08/01/2020 16:04,10.12
08/01/2020 16:07,10.11
08/01/2020 16:11,10.1
08/01/2020 16:14,10.09
08/01/2020 16:17,10.08
08/01/2020 16:20,10.07
08/01/2020 16:23,10.06
08/01/2020 16:26,10.06
08/01/2020 16:29,10.05
08/01/2020 16:32,10.04
08/01/2020 16:35,10.03
08/01/2020 16:38,10.02
08/01/2020 16:41,10.01
08/01/2020 16:44,10.01
08/01/2020 16:47,9.97
08/01/2020 16:50,9.96
08/01/2020 16:53,9.96
08/01/2020 16:56,9.95
08/01/2020 16:59,9.94
08/01/2020 17:03,9.94
08/01/2020 17:06,9.93
08/01/2020 17:09,9.93
08/01/2020 17:12,9.92
08/01/2020 17:15,9.92
08/01/2020 17:18,9.91
08/01/2020 17:21,9.91
08/01/2020 17:24,9.91
08/01/2020 17:27,9.9
08/01/2020 17:30,9.9
08/01/2020 17:33,9.9
08/01/2020 17:36,9.89
08/01/2020 17:39,9.89
08/01/2020 17:42,9.89
08/01/2020 17:45,10.03
08/01/2020 17:48,10.04
08/01/2020 17:51,10.04
08/01/2020 17:54,10.04
08/01/2020 17:57,10.04
08/01/2020 18:00,10.04
08/01/2020 18:03,10.03
08/01/2020 18:06,10.03
08/01/2020 18:09,10.03
08/01/2020 18:12,10.02
08/01/2020 18:15,10.06
08/01/2020 18:18,10.05
08/01/2020 18:21,10.04
08/01/2020 18:24,10.04
08/01/2020 18:27,10.03
08/01/2020 18:30,10.02
08/01/2020 18:33,10.01
08/01/2020 18:36,10
08/01/2020 18:39,9.98
08/01/2020 18:42,9.98
08/01/2020 18:45,9.99
08/01/2020 18:48,9.98
08/01/2020 18:51,9.97
08/01/2020 18:54,9.96
08/01/2020 18:57,9.95
08/01/2020 19:00,9.93
08/01/2020 19:03,9.92
08/01/2020 19:06,9.9
08/01/2020 19:09,9.88
08/01/2020 19:12,9.86
08/01/2020 19:15,9.83
08/01/2020 19:18,9.81
08/01/2020 19:21,9.78
08/01/2020 19:24,9.75
08/01/2020 19:27,9.72
08/01/2020 19:30,9.69
08/01/2020 19:33,9.67
08/01/2020 19:36,9.64
08/01/2020 19:39,9.61
08/01/2020 19:42,9.6
08/01/2020 19:45,9.58
08/01/2020 19:48,9.55
08/01/2020 19:52,9.52
08/01/2020 19:55,9.49
08/01/2020 19:58,9.47
08/01/2020 20:01,9.44
08/01/2020 20:04,9.42
08/01/2020 20:07,9.39
08/01/2020 20:10,9.37
08/01/2020 20:13,9.34
08/01/2020 20:16,9.32
08/01/2020 20:19,9.29
08/01/2020 20:22,9.27
08/01/2020 20:25,9.24
08/01/2020 20:28,9.22
08/01/2020 20:31,9.19
08/01/2020 20:34,9.17
08/01/2020 20:37,9.14
08/01/2020 20:40,8.98
08/01/2020 20:43,8.96
08/01/2020 20:46,8.95
08/01/2020 20:49,8.93
08/01/2020 20:52,8.93
08/01/2020 20:55,8.93
08/01/2020 20:58,8.94
08/01/2020 21:01,8.95
08/01/2020 21:04,8.98
08/01/2020 21:07,9.01
08/01/2020 21:10,9.05
08/01/2020 21:13,9.1
08/01/2020 21:16,9.15
08/01/2020 21:19,9.21
08/01/2020 21:22,9.27
08/01/2020 21:25,9.34
08/01/2020 21:28,9.41
08/01/2020 21:31,9.47
08/01/2020 21:34,9.54
08/01/2020 21:37,9.61
08/01/2020 21:40,9.69
08/01/2020 21:43,9.76
08/01/2020 21:46,9.82
08/01/2020 21:49,9.88
08/01/2020 21:52,9.93
08/01/2020 21:55,9.98
08/01/2020 21:58,10.02
08/01/2020 22:01,10.06
08/01/2020 22:04,10.09
08/01/2020 22:07,10.11
08/01/2020 22:10,10.14
08/01/2020 22:13,10.15
08/01/2020 22:16,10.17
08/01/2020 22:19,10.18
08/01/2020 22:22,10.19
08/01/2020 22:25,10.2
08/01/2020 22:28,10.21
08/01/2020 22:31,10.22
08/01/2020 22:34,10.23
08/01/2020 22:37,10.22
08/01/2020 22:40,10.23
08/01/2020 22:43,10.24
08/01/2020 22:46,10.25
08/01/2020 22:49,10.26
08/01/2020 22:52,10.28
08/01/2020 22:55,10.31
08/01/2020 22:58,10.33
08/01/2020 23:01,10.36
08/01/2020 23:04,10.4
08/01/2020 23:07,10.43
08/01/2020 23:10,10.47
08/01/2020 23:13,10.51
08/01/2020 23:16,10.56
08/01/2020 23:19,10.6
08/01/2020 23:22,10.65
08/01/2020 23:25,10.7
08/01/2020 23:28,10.75
08/01/2020 23:31,10.79
08/01/2020 23:34,10.84
08/01/2020 23:38,10.89
08/01/2020 23:41,10.92
08/01/2020 23:44,10.97
08/01/2020 23:47,11.01
08/01/2020 23:50,11.05
08/01/2020 23:53,11.09
08/01/2020 23:56,11.13
08/01/2020 23:59,11.16
09/01/2020 00:02,11.19
09/01/2020 00:05,11.22
09/01/2020 00:08,11.24
09/01/2020 00:11,11.26
09/01/2020 00:14,11.29
09/01/2020 00:17,11.3
09/01/2020 00:20,11.32
09/01/2020 00:23,11.34
09/01/2020 00:26,11.35
09/01/2020 00:29,11.36
09/01/2020 00:32,11.38
09/01/2020 00:35,11.39
09/01/2020 00:38,11.4
09/01/2020 00:41,11.38
09/01/2020 00:44,11.4
09/01/2020 00:47,11.49
09/01/2020 00:50,11.51
09/01/2020 00:53,11.53
09/01/2020 00:56,11.54
09/01/2020 00:59,11.56
09/01/2020 01:02,11.58
09/01/2020 01:05,11.6
09/01/2020 01:08,11.62
09/01/2020 01:11,11.63
09/01/2020 01:14,11.65
09/01/2020 01:17,11.67
09/01/2020 01:20,11.69
09/01/2020 01:23,11.71
09/01/2020 01:26,11.73
09/01/2020 01:29,11.74
09/01/2020 01:32,11.76
09/01/2020 01:35,11.78
09/01/2020 01:38,11.8
09/01/2020 01:41,11.87
09/01/2020 01:44,11.89
09/01/2020 01:47,11.91
09/01/2020 01:50,11.93
09/01/2020 01:53,11.94
09/01/2020 01:56,11.96
09/01/2020 01:59,11.98
09/01/2020 02:02,12
09/01/2020 02:05,12.01
09/01/2020 02:08,12.03
09/01/2020 02:11,12.05
09/01/2020 02:14,12.07
09/01/2020 02:17,12.09
09/01/2020 02:20,12.1
09/01/2020 02:23,12.12
09/01/2020 02:26,12.14
09/01/2020 02:29,12.16
09/01/2020 02:32,12.17
09/01/2020 02:35,12.19
09/01/2020 02:38,12.21
09/01/2020 02:41,12.22
09/01/2020 02:44,12.24
09/01/2020 02:47,12.26
09/01/2020 02:50,12.27
09/01/2020 02:53,12.29
09/01/2020 02:56,12.3
09/01/2020 02:59,12.32
09/01/2020 03:02,12.33
09/01/2020 03:05,12.34
09/01/2020 03:08,12.36
09/01/2020 03:11,12.37
09/01/2020 03:14,12.38
09/01/2020 03:17,12.4
09/01/2020 03:20,12.41
09/01/2020 03:23,12.42
09/01/2020 03:26,12.43
09/01/2020 03:29,12.44
09/01/2020 03:33,12.45
09/01/2020 03:36,12.46
09/01/2020 03:39,12.47
09/01/2020 03:42,12.48
09/01/2020 03:45,12.49
09/01/2020 03:48,12.5
09/01/2020 03:51,12.51
09/01/2020 03:54,12.52
09/01/2020 03:57,12.53
09/01/2020 04:00,12.54
09/01/2020 04:03,12.54
09/01/2020 04:06,12.55
09/01/2020 04:09,12.56
09/01/2020 04:12,12.57
09/01/2020 04:15,12.57
09/01/2020 04:18,12.58
09/01/2020 04:21,12.59
09/01/2020 04:24,12.59
09/01/2020 04:27,12.6
09/01/2020 04:30,12.61
09/01/2020 04:33,12.61
09/01/2020 04:36,12.62
09/01/2020 04:39,12.62
09/01/2020 04:42,12.63
09/01/2020 04:45,12.64
09/01/2020 04:48,12.65
09/01/2020 04:51,12.65
09/01/2020 04:54,12.65
09/01/2020 04:57,12.65
09/01/2020 05:00,12.66
09/01/2020 05:03,12.66
09/01/2020 05:06,12.66
09/01/2020 05:09,12.66
09/01/2020 05:12,12.66
09/01/2020 05:15,12.67
09/01/2020 05:18,12.67
09/01/2020 05:21,12.67
09/01/2020 05:24,12.67
09/01/2020 05:27,12.67
09/01/2020 05:30,12.67
09/01/2020 05:33,12.67
09/01/2020 05:36,12.66
09/01/2020 05:39,12.66
09/01/2020 05:42,12.66
09/01/2020 05:45,12.64
09/01/2020 05:48,12.63
09/01/2020 05:51,12.63
09/01/2020 05:54,12.62
09/01/2020 05:57,12.6
09/01/2020 06:00,12.6
09/01/2020 06:03,12.59
09/01/2020 06:06,12.58
09/01/2020 06:09,12.56
09/01/2020 06:12,12.55
09/01/2020 06:15,12.54
09/01/2020 06:18,12.52
09/01/2020 06:21,12.51
09/01/2020 06:24,12.49
09/01/2020 06:27,12.47
09/01/2020 06:30,12.45
09/01/2020 06:33,12.43
09/01/2020 06:36,12.41
09/01/2020 06:39,12.39
09/01/2020 06:42,12.37
09/01/2020 06:45,12.37
09/01/2020 06:48,12.35
09/01/2020 06:51,12.33
09/01/2020 06:54,12.3
09/01/2020 06:57,12.28
09/01/2020 07:00,12.26
09/01/2020 07:03,12.24
09/01/2020 07:06,12.21
09/01/2020 07:09,12.19
09/01/2020 07:12,12.17
09/01/2020 07:15,12.14
09/01/2020 07:18,12.12
09/01/2020 07:21,12.09
09/01/2020 07:24,12.07
09/01/2020 07:27,12.05
09/01/2020 07:30,12.02
09/01/2020 07:33,11.99
09/01/2020 07:36,11.97
09/01/2020 07:39,11.94
09/01/2020 07:42,11.95
09/01/2020 07:46,11.94
09/01/2020 07:49,11.92
09/01/2020 07:52,11.89
09/01/2020 07:55,11.86
09/01/2020 07:58,11.84
09/01/2020 08:01,11.81
09/01/2020 08:04,11.78
09/01/2020 08:07,11.76
09/01/2020 08:10,11.73
09/01/2020 08:13,11.7
09/01/2020 08:16,11.67
09/01/2020 08:19,11.64
09/01/2020 08:22,11.61
09/01/2020 08:25,11.58
09/01/2020 08:28,11.55
09/01/2020 08:31,11.52
09/01/2020 08:34,11.49
09/01/2020 08:37,11.46
09/01/2020 08:40,11.44
09/01/2020 08:43,11.4
09/01/2020 08:46,11.37
09/01/2020 08:49,11.34
09/01/2020 08:52,11.32
09/01/2020 08:55,11.3
09/01/2020 08:58,11.28
09/01/2020 09:01,11.26
09/01/2020 09:04,11.24
09/01/2020 09:07,11.22
09/01/2020 09:10,11.2
09/01/2020 09:13,11.19
09/01/2020 09:16,11.17
09/01/2020 09:19,11.16
09/01/2020 09:22,11.14
09/01/2020 09:25,11.13
09/01/2020 09:28,11.12
09/01/2020 09:31,11.11
09/01/2020 09:34,11.1
09/01/2020 09:37,11.09
09/01/2020 09:40,11.08
09/01/2020 09:43,11.07
09/01/2020 09:46,11.06
09/01/2020 09:49,11.05
09/01/2020 09:52,11.04
09/01/2020 09:55,11.03
09/01/2020 09:58,11.02
09/01/2020 10:01,11.01
09/01/2020 10:04,11
09/01/2020 10:07,10.99
09/01/2020 10:10,10.98
09/01/2020 10:13,10.98
09/01/2020 10:16,10.97
09/01/2020 10:19,10.96
09/01/2020 10:22,10.95
09/01/2020 10:25,10.94
09/01/2020 10:28,10.94
09/01/2020 10:31,10.93
09/01/2020 10:34,10.92
09/01/2020 10:37,10.92
09/01/2020 10:40,10.91
09/01/2020 10:43,10.91
09/01/2020 10:46,10.9
09/01/2020 10:49,10.89
09/01/2020 10:52,10.89
09/01/2020 10:55,10.89
09/01/2020 10:58,10.88
09/01/2020 11:01,10.88
09/01/2020 11:04,10.88
09/01/2020 11:07,10.87
09/01/2020 11:10,10.87
09/01/2020 11:13,10.87
09/01/2020 11:16,10.87
09/01/2020 11:19,10.87
09/01/2020 11:22,10.87
09/01/2020 11:25,10.87
09/01/2020 11:28,10.87
09/01/2020 11:31,10.87
09/01/2020 11:34,10.88
09/01/2020 11:37,10.88
09/01/2020 11:40,10.88
09/01/2020 11:43,10.88
09/01/2020 11:46,10.91
09/01/2020 11:49,10.91
09/01/2020 11:52,10.91
09/01/2020 11:55,10.89
09/01/2020 11:58,10.89
09/01/2020 12:01,10.89
09/01/2020 12:04,10.89
09/01/2020 12:07,10.89
09/01/2020 12:10,10.89
09/01/2020 12:13,10.88
09/01/2020 12:16,10.88
09/01/2020 12:20,10.88
09/01/2020 12:23,10.88
09/01/2020 12:26,10.88
09/01/2020 12:29,10.88
09/01/2020 12:32,10.88
09/01/2020 12:35,10.88
09/01/2020 12:38,10.88
09/01/2020 12:41,10.91
09/01/2020 12:44,10.85
09/01/2020 12:47,10.92
09/01/2020 12:50,10.87
09/01/2020 12:53,10.92
09/01/2020 12:56,10.89
09/01/2020 12:59,10.91
09/01/2020 13:02,10.92
09/01/2020 13:05,10.94
09/01/2020 13:08,10.96
09/01/2020 13:11,10.99
09/01/2020 13:14,11.01
09/01/2020 13:17,11.04
09/01/2020 13:20,11.07
09/01/2020 13:23,11.1
09/01/2020 13:26,11.12
09/01/2020 13:29,11.15
09/01/2020 13:32,11.18
09/01/2020 13:35,11.21
09/01/2020 13:38,11.24
09/01/2020 13:41,11.3
09/01/2020 13:44,11.32
09/01/2020 13:47,11.34
09/01/2020 13:50,11.36
09/01/2020 13:53,11.37
09/01/2020 13:56,11.39
09/01/2020 13:59,11.4
09/01/2020 14:02,11.4
09/01/2020 14:05,11.4
09/01/2020 14:08,11.4
09/01/2020 14:11,11.4
09/01/2020 14:14,11.4
09/01/2020 14:17,11.39
09/01/2020 14:20,11.38
09/01/2020 14:23,11.38
09/01/2020 14:26,11.36
09/01/2020 14:29,11.35
09/01/2020 14:32,11.34
09/01/2020 14:35,11.32
09/01/2020 14:38,11.31
09/01/2020 14:41,11.29
09/01/2020 14:44,11.27
09/01/2020 14:47,11.27
09/01/2020 14:50,11.25
09/01/2020 14:53,11.23
09/01/2020 14:56,11.21
09/01/2020 14:59,11.2
09/01/2020 15:02,11.18
09/01/2020 15:05,11.15
09/01/2020 15:08,11.13
09/01/2020 15:11,11.11
09/01/2020 15:14,11.08
09/01/2020 15:17,11.06
09/01/2020 15:20,11.03
09/01/2020 15:23,11
09/01/2020 15:26,10.97
09/01/2020 15:29,10.94
09/01/2020 15:32,10.91
09/01/2020 15:35,10.88
09/01/2020 15:38,10.85
09/01/2020 15:41,10.81
09/01/2020 15:44,10.78
09/01/2020 15:47,10.76
09/01/2020 15:50,10.73
09/01/2020 15:53,10.7
09/01/2020 15:56,10.68
09/01/2020 15:59,10.65
09/01/2020 16:02,10.63
09/01/2020 16:05,10.62
09/01/2020 16:09,10.61
09/01/2020 16:12,10.61
09/01/2020 16:15,10.61
09/01/2020 16:18,10.61
09/01/2020 16:21,10.61
09/01/2020 16:24,10.61
09/01/2020 16:27,10.61
09/01/2020 16:30,10.61
09/01/2020 16:33,10.6
09/01/2020 16:36,10.59
09/01/2020 16:39,10.58
09/01/2020 16:42,10.55
09/01/2020 16:45,10.53
09/01/2020 16:48,10.49
09/01/2020 16:51,10.44
09/01/2020 16:54,10.39
09/01/2020 16:57,10.32
09/01/2020 17:00,10.24
09/01/2020 17:03,10.15
09/01/2020 17:06,10.04
09/01/2020 17:09,9.91
09/01/2020 17:12,9.77
09/01/2020 17:15,9.62
09/01/2020 17:18,9.46
09/01/2020 17:21,9.29
09/01/2020 17:24,9.11
09/01/2020 17:27,8.93
09/01/2020 17:30,8.76
09/01/2020 17:33,8.57
09/01/2020 17:36,8.4
09/01/2020 17:39,8.22
09/01/2020 17:42,8.06
09/01/2020 17:45,7.9
09/01/2020 17:48,7.75
09/01/2020 17:51,7.61
09/01/2020 17:54,7.48
09/01/2020 17:57,7.37
09/01/2020 18:00,7.27
09/01/2020 18:03,7.19
09/01/2020 18:06,10.03
09/01/2020 18:09,9.9
09/01/2020 18:12,9.75
09/01/2020 18:15,9.59
09/01/2020 18:18,9.42
09/01/2020 18:21,9.25
09/01/2020 18:24,9.06
09/01/2020 18:27,8.98
09/01/2020 18:30,8.79
09/01/2020 18:33,8.59
09/01/2020 18:36,8.4
09/01/2020 18:39,8.22
09/01/2020 18:42,8.04
09/01/2020 18:45,7.87
09/01/2020 18:48,7.7
09/01/2020 18:51,7.55
09/01/2020 18:54,7.41
09/01/2020 18:57,7.28
09/01/2020 19:00,7.17
09/01/2020 19:03,7.07
09/01/2020 19:06,6.98
09/01/2020 19:09,6.9
09/01/2020 19:12,6.83
09/01/2020 19:15,6.76
09/01/2020 19:18,6.7
09/01/2020 19:21,6.65
09/01/2020 19:24,6.6
09/01/2020 19:27,6.56
09/01/2020 19:30,6.52
09/01/2020 19:33,6.48
09/01/2020 19:36,6.44
09/01/2020 19:39,6.41
09/01/2020 19:42,6.35
09/01/2020 19:45,6.32
09/01/2020 19:48,6.29
09/01/2020 19:51,6.25
09/01/2020 19:54,6.21
09/01/2020 19:57,6.17
09/01/2020 20:00,6.13
09/01/2020 20:03,6.09
09/01/2020 20:07,6.04
09/01/2020 20:10,6
09/01/2020 20:13,5.96
09/01/2020 20:16,5.92
09/01/2020 20:19,5.88
09/01/2020 20:22,5.85
09/01/2020 20:25,5.81
09/01/2020 20:28,5.77
09/01/2020 20:31,5.73
09/01/2020 20:34,5.7
09/01/2020 20:37,5.66
09/01/2020 20:40,5.63
09/01/2020 20:43,5.6
09/01/2020 20:46,5.56
09/01/2020 20:49,5.53
09/01/2020 20:52,5.5
09/01/2020 20:55,5.47
09/01/2020 20:58,5.44
09/01/2020 21:01,5.4
09/01/2020 21:04,5.37
09/01/2020 21:07,5.35
09/01/2020 21:10,5.32
09/01/2020 21:13,5.29
09/01/2020 21:16,5.26
09/01/2020 21:19,5.24
09/01/2020 21:22,5.21
09/01/2020 21:25,5.19
09/01/2020 21:28,5.16
09/01/2020 21:31,5.14
09/01/2020 21:34,5.12
09/01/2020 21:37,5.09
09/01/2020 21:40,5.09
09/01/2020 21:43,5.07
09/01/2020 21:46,5.05
09/01/2020 21:49,5.02
09/01/2020 21:52,5
09/01/2020 21:55,4.98
09/01/2020 21:58,4.95
09/01/2020 22:01,4.93
09/01/2020 22:04,4.91
09/01/2020 22:07,4.88
09/01/2020 22:10,4.86
09/01/2020 22:13,4.84
09/01/2020 22:16,4.81
09/01/2020 22:19,4.79
09/01/2020 22:22,4.77
09/01/2020 22:25,4.74
09/01/2020 22:28,4.72
09/01/2020 22:31,4.7
09/01/2020 22:34,4.68
09/01/2020 22:37,4.65
09/01/2020 22:40,4.52
09/01/2020 22:43,4.5
09/01/2020 22:46,4.48
09/01/2020 22:49,4.46
09/01/2020 22:52,4.44
09/01/2020 22:55,4.43
09/01/2020 22:58,4.41
09/01/2020 23:01,4.39
09/01/2020 23:04,4.37
09/01/2020 23:07,4.35
09/01/2020 23:10,4.34
09/01/2020 23:13,4.32
09/01/2020 23:16,4.3
09/01/2020 23:19,4.28
09/01/2020 23:22,4.27
09/01/2020 23:25,4.25
09/01/2020 23:28,4.24
09/01/2020 23:31,4.22
09/01/2020 23:34,4.21
09/01/2020 23:37,4.28
09/01/2020 23:40,4.33
09/01/2020 23:43,4.32
09/01/2020 23:46,4.32
09/01/2020 23:49,4.31
09/01/2020 23:52,4.3
09/01/2020 23:56,4.3
09/01/2020 23:59,4.29
10/01/2020 00:02,4.29
10/01/2020 00:05,4.28
10/01/2020 00:08,4.07
10/01/2020 00:11,4.07
10/01/2020 00:14,4.07
10/01/2020 00:17,4.07
10/01/2020 00:20,4.08
10/01/2020 00:23,4.08
10/01/2020 00:26,4.09
10/01/2020 00:29,4.09
10/01/2020 00:32,4.1
10/01/2020 00:35,4.1
10/01/2020 00:38,4.11
10/01/2020 00:41,4.11
10/01/2020 00:44,4.11
10/01/2020 00:47,4.11
10/01/2020 00:50,4.11
10/01/2020 00:53,4.11
10/01/2020 00:56,4.1
10/01/2020 00:59,4.09
10/01/2020 01:02,4.08
10/01/2020 01:05,4.07
10/01/2020 01:08,4.06
10/01/2020 01:11,4.04
10/01/2020 01:14,4.02
10/01/2020 01:17,4.01
10/01/2020 01:20,3.99
10/01/2020 01:23,3.97
10/01/2020 01:26,3.94
10/01/2020 01:29,3.92
10/01/2020 01:32,3.9
10/01/2020 01:35,3.87
10/01/2020 01:38,3.85
10/01/2020 01:41,3.82
10/01/2020 01:44,3.8
10/01/2020 01:47,3.78
10/01/2020 01:50,3.76
10/01/2020 01:53,3.74
10/01/2020 01:56,3.72
10/01/2020 01:59,3.7
10/01/2020 02:02,3.68
10/01/2020 02:05,3.66
10/01/2020 02:08,3.65
10/01/2020 02:11,3.63
10/01/2020 02:14,3.61
10/01/2020 02:17,3.59
10/01/2020 02:20,3.58
10/01/2020 02:23,3.56
10/01/2020 02:26,3.54
10/01/2020 02:29,3.53
10/01/2020 02:32,3.51
10/01/2020 02:35,3.49
10/01/2020 02:38,3.48
10/01/2020 02:41,3.47
10/01/2020 02:44,3.45
10/01/2020 02:47,3.44
10/01/2020 02:50,3.43
10/01/2020 02:53,3.42
10/01/2020 02:56,3.4
10/01/2020 02:59,3.39
10/01/2020 03:02,3.38
10/01/2020 03:05,3.37
10/01/2020 03:08,3.36
10/01/2020 03:11,3.35
10/01/2020 03:14,3.34
10/01/2020 03:17,3.34
10/01/2020 03:20,3.33
10/01/2020 03:23,3.32
10/01/2020 03:26,3.31
10/01/2020 03:29,3.31
10/01/2020 03:32,3.3
10/01/2020 03:35,3.3
10/01/2020 03:38,3.29
10/01/2020 03:41,3.31
10/01/2020 03:44,3.31
10/01/2020 03:47,3.31
10/01/2020 03:50,3.3
10/01/2020 03:53,3.3
10/01/2020 03:56,3.3
10/01/2020 03:59,3.29
10/01/2020 04:03,3.29
10/01/2020 04:06,3.29
10/01/2020 04:09,3.29
10/01/2020 04:12,3.3
10/01/2020 04:15,3.3
10/01/2020 04:18,3.3
10/01/2020 04:21,3.31
10/01/2020 04:24,3.31
10/01/2020 04:27,3.32
10/01/2020 04:30,3.32
10/01/2020 04:33,3.32
10/01/2020 04:36,3.33
10/01/2020 04:39,3.33
10/01/2020 04:42,3.34
10/01/2020 04:45,3.35
10/01/2020 04:48,3.35
10/01/2020 04:51,3.35
10/01/2020 04:54,3.35
10/01/2020 04:57,3.35
10/01/2020 05:00,3.35
10/01/2020 05:03,3.34
10/01/2020 05:06,3.34
10/01/2020 05:09,3.33
10/01/2020 05:12,3.33
10/01/2020 05:15,3.32
10/01/2020 05:18,3.32
10/01/2020 05:21,3.31
10/01/2020 05:24,3.31
10/01/2020 05:27,3.3
10/01/2020 05:30,3.29
10/01/2020 05:33,3.28
10/01/2020 05:36,3.27
10/01/2020 05:39,3.26
10/01/2020 05:42,3.25
10/01/2020 05:45,3.27
10/01/2020 05:48,3.26
10/01/2020 05:51,3.25
10/01/2020 05:54,3.23
10/01/2020 05:57,3.22
10/01/2020 06:00,3.2
10/01/2020 06:03,3.18
10/01/2020 06:06,3.16
10/01/2020 06:09,3.14
10/01/2020 06:12,3.12
10/01/2020 06:15,3.1
10/01/2020 06:18,3.07
10/01/2020 06:21,3.04
10/01/2020 06:24,3.02
10/01/2020 06:27,2.99
10/01/2020 06:30,2.96
10/01/2020 06:33,2.93
10/01/2020 06:36,2.9
10/01/2020 06:39,2.87
10/01/2020 06:42,2.83
10/01/2020 06:45,2.82
10/01/2020 06:48,2.79
10/01/2020 06:51,2.77
10/01/2020 06:54,2.74
10/01/2020 06:57,2.72
10/01/2020 07:00,2.69
10/01/2020 14:11,6.42
10/01/2020 14:14,6.44
10/01/2020 14:17,6.47
10/01/2020 14:20,6.49
10/01/2020 14:23,6.51
10/01/2020 14:26,6.53
10/01/2020 14:29,6.55
10/01/2020 14:32,6.56
10/01/2020 14:35,6.58
10/01/2020 14:38,6.59
10/01/2020 14:41,6.59
10/01/2020 14:44,6.6
10/01/2020 14:47,6.56
10/01/2020 14:50,6.56
10/01/2020 14:53,6.56
10/01/2020 14:56,6.56
10/01/2020 14:59,6.55
10/01/2020 15:02,6.54
10/01/2020 15:05,6.53
10/01/2020 15:08,6.52
10/01/2020 15:11,6.5
10/01/2020 15:14,6.48
10/01/2020 15:17,6.46
10/01/2020 15:20,6.43
10/01/2020 15:23,6.41
10/01/2020 15:26,6.38
10/01/2020 15:29,6.35
10/01/2020 15:32,6.31
10/01/2020 15:35,6.28
10/01/2020 15:38,6.24
10/01/2020 15:41,6.24
10/01/2020 15:44,6.2
10/01/2020 15:47,5.75
10/01/2020 15:50,5.72
10/01/2020 15:53,5.69
10/01/2020 15:56,5.65
10/01/2020 15:59,5.62
10/01/2020 16:02,5.59
10/01/2020 16:05,5.55
10/01/2020 16:08,5.51
10/01/2020 16:11,5.47
10/01/2020 16:14,5.42
10/01/2020 16:17,5.38
10/01/2020 16:20,5.33
10/01/2020 16:23,5.29
10/01/2020 16:26,5.24
10/01/2020 16:29,5.19
10/01/2020 16:32,5.14
10/01/2020 16:35,5.09
10/01/2020 16:38,5.04
10/01/2020 16:41,4.99
10/01/2020 16:44,4.94
10/01/2020 16:47,4.88
10/01/2020 16:50,4.83
10/01/2020 16:53,4.78
10/01/2020 16:56,4.74
10/01/2020 16:59,4.69
10/01/2020 17:02,4.65
10/01/2020 17:06,4.6
10/01/2020 17:09,4.56
10/01/2020 17:12,4.52
10/01/2020 17:15,4.47
10/01/2020 17:18,4.43
10/01/2020 17:21,4.38
10/01/2020 17:24,4.34
10/01/2020 17:27,4.3
10/01/2020 17:30,4.25
10/01/2020 17:33,4.21
10/01/2020 17:36,4.17
10/01/2020 17:39,4.13
10/01/2020 17:42,4.09
10/01/2020 17:45,4.05
10/01/2020 17:48,4.01
10/01/2020 17:51,3.98
10/01/2020 17:54,3.94
10/01/2020 17:57,3.9
10/01/2020 18:00,3.87
10/01/2020 18:03,3.83
10/01/2020 18:06,3.73
10/01/2020 18:09,3.7
10/01/2020 18:12,3.67
10/01/2020 18:15,3.64
10/01/2020 18:18,3.62
10/01/2020 18:21,3.59
10/01/2020 18:24,3.56
10/01/2020 18:27,3.53
10/01/2020 18:30,3.51
10/01/2020 18:33,3.48
10/01/2020 18:36,3.57
10/01/2020 18:39,3.53
10/01/2020 18:42,3.52
10/01/2020 18:45,3.49
10/01/2020 18:48,3.46
10/01/2020 18:51,3.43
10/01/2020 18:54,3.41
10/01/2020 18:57,3.38
10/01/2020 19:00,3.35
10/01/2020 19:03,3.33
10/01/2020 19:06,2.14
10/01/2020 19:09,2.11
10/01/2020 19:12,2.09
10/01/2020 19:15,2.07
10/01/2020 19:18,2.05
10/01/2020 19:21,2.02
10/01/2020 19:24,2
10/01/2020 19:27,1.98
10/01/2020 19:30,1.97
10/01/2020 19:33,1.95
10/01/2020 19:36,1.93
10/01/2020 19:39,1.91
10/01/2020 19:42,1.83
10/01/2020 19:45,1.82
10/01/2020 19:48,1.8
10/01/2020 19:51,1.79
10/01/2020 19:54,1.78
10/01/2020 19:57,1.76
10/01/2020 20:00,1.75
10/01/2020 20:03,1.74
10/01/2020 20:06,1.72
10/01/2020 20:09,1.71
10/01/2020 20:12,1.7
10/01/2020 20:15,1.69
10/01/2020 20:18,1.68
10/01/2020 20:21,1.68
10/01/2020 20:24,1.67
10/01/2020 20:27,1.66
10/01/2020 20:30,1.65
10/01/2020 20:33,1.65
10/01/2020 20:36,1.64
10/01/2020 20:39,1.63
10/01/2020 20:42,1.62
10/01/2020 20:45,1.62
10/01/2020 20:48,1.62
10/01/2020 20:51,1.62
10/01/2020 20:54,1.61
10/01/2020 20:57,1.61
10/01/2020 21:00,1.61
10/01/2020 21:03,1.61
10/01/2020 21:06,1.61
10/01/2020 21:09,1.61
10/01/2020 21:12,1.61
10/01/2020 21:15,1.6
10/01/2020 21:19,1.6
10/01/2020 21:22,1.61
10/01/2020 21:25,1.61
10/01/2020 21:28,1.61
10/01/2020 21:31,1.61
10/01/2020 21:34,1.62
10/01/2020 21:37,1.62
10/01/2020 21:40,1.63
10/01/2020 21:43,1.65
10/01/2020 21:46,1.51
10/01/2020 21:49,1.52
10/01/2020 21:52,1.53
10/01/2020 21:55,1.54
10/01/2020 21:58,1.55
10/01/2020 22:01,1.56
10/01/2020 22:04,1.57
10/01/2020 22:07,1.58
10/01/2020 22:10,1.6
10/01/2020 22:13,1.61
10/01/2020 22:16,1.62
10/01/2020 22:19,1.64
10/01/2020 22:22,1.65
10/01/2020 22:25,1.67
10/01/2020 22:28,1.68
10/01/2020 22:31,1.7
10/01/2020 22:34,1.71
10/01/2020 22:37,1.73
10/01/2020 22:40,1.74
10/01/2020 22:43,1.76
10/01/2020 22:46,1.78
10/01/2020 22:49,1.8
10/01/2020 22:52,1.82
10/01/2020 22:55,1.84
10/01/2020 22:58,1.85
10/01/2020 23:01,1.87
10/01/2020 23:04,1.89
10/01/2020 23:07,1.91
10/01/2020 23:10,1.93
10/01/2020 23:13,1.95
10/01/2020 23:16,1.97
10/01/2020 23:19,1.99
10/01/2020 23:22,2.01
10/01/2020 23:25,2.03
10/01/2020 23:28,2.05
10/01/2020 23:31,2.08
10/01/2020 23:34,2.1
10/01/2020 23:37,2.12
10/01/2020 23:40,2.12
10/01/2020 23:43,2.14
10/01/2020 23:46,2.35
10/01/2020 23:49,2.38
10/01/2020 23:52,2.41
10/01/2020 23:55,2.44
10/01/2020 23:58,2.47
11/01/2020 00:01,2.49
11/01/2020 00:04,2.51
11/01/2020 00:07,2.57
11/01/2020 00:10,2.59
11/01/2020 00:13,2.61
11/01/2020 00:16,2.63
11/01/2020 00:19,2.65
11/01/2020 00:22,2.68
11/01/2020 00:25,2.7
11/01/2020 00:28,2.72
11/01/2020 00:31,2.74
11/01/2020 00:34,2.77
11/01/2020 00:37,2.79
11/01/2020 00:40,2.81
11/01/2020 00:43,2.84
11/01/2020 00:46,2.86
11/01/2020 00:49,2.89
11/01/2020 00:52,2.91
11/01/2020 00:55,2.93
11/01/2020 00:58,2.96
11/01/2020 01:01,2.98
11/01/2020 01:04,3.01
11/01/2020 01:07,3.03
11/01/2020 01:10,3.05
11/01/2020 01:13,3.08
11/01/2020 01:16,3.1
11/01/2020 01:19,3.13
11/01/2020 01:22,3.15
11/01/2020 01:25,3.17
11/01/2020 01:28,3.2
11/01/2020 01:31,3.22
11/01/2020 01:34,3.24
11/01/2020 01:37,3.27
11/01/2020 01:40,3.33
11/01/2020 01:43,3.35
11/01/2020 01:46,3.38
11/01/2020 01:50,3.4
11/01/2020 01:53,3.42
11/01/2020 01:56,3.45
11/01/2020 01:59,3.47
11/01/2020 02:02,3.49
11/01/2020 02:05,3.51
11/01/2020 02:08,3.53
11/01/2020 02:11,3.56
11/01/2020 02:14,3.58
11/01/2020 02:17,3.6
11/01/2020 02:20,3.62
11/01/2020 02:23,3.64
11/01/2020 02:26,3.67
11/01/2020 02:29,3.69
11/01/2020 02:32,3.71
11/01/2020 02:35,3.73
11/01/2020 02:38,3.75
11/01/2020 02:41,3.73
11/01/2020 02:44,3.75
11/01/2020 02:47,3.77
11/01/2020 02:50,3.79
11/01/2020 02:53,3.82
11/01/2020 02:56,3.84
11/01/2020 02:59,3.86
11/01/2020 03:02,3.88
11/01/2020 03:05,3.9
11/01/2020 03:08,3.92
11/01/2020 03:11,3.94
11/01/2020 03:14,3.97
11/01/2020 03:17,3.99
11/01/2020 03:20,4.01
11/01/2020 03:23,4.03
11/01/2020 03:26,4.05
11/01/2020 03:29,4.07
11/01/2020 03:32,4.09
11/01/2020 03:35,4.11
11/01/2020 03:38,4.13
11/01/2020 03:41,4.16
11/01/2020 03:44,4.18
11/01/2020 03:47,4.2
11/01/2020 03:50,4.21
11/01/2020 03:53,4.23
11/01/2020 03:56,4.25
11/01/2020 03:59,4.27
11/01/2020 04:02,4.28
11/01/2020 04:05,4.3
11/01/2020 04:08,4.31
11/01/2020 04:11,4.33
11/01/2020 04:14,4.34
11/01/2020 04:17,4.35
11/01/2020 04:20,4.37
11/01/2020 04:23,4.38
11/01/2020 04:26,4.39
11/01/2020 04:29,4.4
11/01/2020 04:32,4.41
11/01/2020 04:35,4.42
11/01/2020 04:38,4.43
11/01/2020 04:41,4.47
11/01/2020 04:44,4.48
11/01/2020 04:47,4.49
11/01/2020 04:50,4.5
11/01/2020 04:53,4.5
11/01/2020 04:56,4.51
11/01/2020 04:59,4.52
11/01/2020 05:02,4.53
11/01/2020 05:05,4.54
11/01/2020 05:08,4.55
11/01/2020 05:11,4.56
11/01/2020 05:14,4.57
11/01/2020 05:17,4.58
11/01/2020 05:20,4.58
11/01/2020 05:23,4.59
11/01/2020 05:26,4.6
11/01/2020 05:29,4.61
11/01/2020 05:32,4.61
11/01/2020 05:35,4.62
11/01/2020 05:38,4.62
11/01/2020 05:41,4.7
11/01/2020 05:44,4.71
11/01/2020 05:47,4.71
11/01/2020 05:50,4.72
11/01/2020 05:53,4.72
11/01/2020 05:56,4.72
11/01/2020 05:59,4.73
11/01/2020 06:02,4.73
11/01/2020 06:05,4.74
11/01/2020 06:08,4.75
11/01/2020 06:11,4.76
11/01/2020 06:14,4.76
11/01/2020 06:17,4.77
11/01/2020 06:20,4.78
11/01/2020 06:24,4.79
11/01/2020 06:27,4.8
11/01/2020 06:30,4.81
11/01/2020 06:33,4.82
11/01/2020 06:36,4.76
11/01/2020 06:39,4.76
11/01/2020 06:42,4.79
11/01/2020 06:45,4.8
11/01/2020 06:48,4.8
11/01/2020 06:51,4.81
11/01/2020 06:54,4.82
11/01/2020 06:57,4.82
11/01/2020 07:00,4.83
11/01/2020 07:03,4.84
11/01/2020 07:06,4.85
11/01/2020 07:09,4.86
11/01/2020 07:12,4.87
11/01/2020 07:15,4.88
11/01/2020 07:18,4.89
11/01/2020 07:21,4.9
11/01/2020 07:24,4.92
11/01/2020 07:27,4.93
11/01/2020 07:30,4.94
11/01/2020 07:33,4.95
11/01/2020 07:36,4.96
11/01/2020 07:39,4.97
11/01/2020 07:42,4.91
11/01/2020 07:45,4.92
11/01/2020 07:48,4.93
11/01/2020 07:51,4.94
11/01/2020 07:54,4.95
11/01/2020 07:57,4.96
11/01/2020 08:00,4.97
11/01/2020 08:03,4.98
11/01/2020 08:06,4.98
11/01/2020 08:09,4.99
11/01/2020 08:12,4.99
11/01/2020 08:15,5
11/01/2020 08:18,5
11/01/2020 08:21,5.01
11/01/2020 08:24,5.01
11/01/2020 08:27,5.01
11/01/2020 08:30,5.02
11/01/2020 08:33,5.02
11/01/2020 08:36,5.02
11/01/2020 08:39,5.02
11/01/2020 08:42,5.1
11/01/2020 08:45,5.1
11/01/2020 08:48,5.11
11/01/2020 08:51,5.11
11/01/2020 08:54,5.11
11/01/2020 08:57,5.12
11/01/2020 09:00,5.12
11/01/2020 09:03,5.12
11/01/2020 09:06,5.13
11/01/2020 09:09,5.13
11/01/2020 09:12,5.13
11/01/2020 09:15,5.14
11/01/2020 09:18,5.14
11/01/2020 09:21,5.14
11/01/2020 09:24,5.14
11/01/2020 09:27,5.14
11/01/2020 09:30,5.15
11/01/2020 09:33,5.15
11/01/2020 09:36,5.15
11/01/2020 09:39,5.15
11/01/2020 09:42,5.17
11/01/2020 09:45,5.18
11/01/2020 09:48,5.18
11/01/2020 09:51,5.19
11/01/2020 09:54,5.2
11/01/2020 09:57,5.21
11/01/2020 10:00,5.22
11/01/2020 10:03,5.23
11/01/2020 10:06,5.25
11/01/2020 10:09,5.26
11/01/2020 10:12,5.28
11/01/2020 10:15,5.3
11/01/2020 10:18,5.32
11/01/2020 10:21,5.34
11/01/2020 10:24,5.36
11/01/2020 10:27,5.38
11/01/2020 10:30,5.4
11/01/2020 10:33,5.42
11/01/2020 10:36,5.44
11/01/2020 10:39,5.46
11/01/2020 10:42,5.45
11/01/2020 10:45,5.47
11/01/2020 10:48,5.49
11/01/2020 10:52,5.52
11/01/2020 10:55,5.54
11/01/2020 10:58,5.56
11/01/2020 11:01,5.58
11/01/2020 11:04,5.6
11/01/2020 11:07,5.63
11/01/2020 11:10,5.65
11/01/2020 11:13,5.67
11/01/2020 11:16,5.69
11/01/2020 11:19,5.72
11/01/2020 11:22,5.74
11/01/2020 11:25,5.76
11/01/2020 11:28,5.79
11/01/2020 11:31,5.81
11/01/2020 11:34,5.83
11/01/2020 11:37,5.86
11/01/2020 11:40,5.88
11/01/2020 11:43,5.84
11/01/2020 11:46,5.86
11/01/2020 11:49,5.89
11/01/2020 11:52,5.91
11/01/2020 11:55,5.94
11/01/2020 11:58,5.96
11/01/2020 12:01,5.98
11/01/2020 12:04,6
11/01/2020 12:07,10.48
11/01/2020 12:10,10.56
11/01/2020 12:13,10.63
11/01/2020 12:16,10.69
11/01/2020 12:19,10.73
11/01/2020 12:22,10.77
11/01/2020 12:25,10.8
11/01/2020 12:28,10.82
11/01/2020 12:31,10.83
11/01/2020 12:34,10.85
11/01/2020 12:37,10.86
11/01/2020 12:40,10.86
11/01/2020 12:43,10.87
11/01/2020 12:46,10.88
11/01/2020 12:49,10.89
11/01/2020 12:52,10.91
11/01/2020 12:55,10.93
11/01/2020 12:58,10.96
11/01/2020 13:01,11
11/01/2020 13:04,11.04
11/01/2020 13:07,11.08
11/01/2020 13:10,11.12
11/01/2020 13:13,11.16
11/01/2020 13:16,11.21
11/01/2020 13:19,11.25
11/01/2020 13:22,11.29
11/01/2020 13:25,11.34
11/01/2020 13:28,11.38
11/01/2020 13:31,11.42
11/01/2020 13:34,11.46
11/01/2020 13:37,11.5
11/01/2020 13:40,11.53
11/01/2020 13:43,11.57
11/01/2020 13:46,11.6
11/01/2020 13:49,11.63
11/01/2020 13:52,11.66
11/01/2020 13:55,11.68
11/01/2020 13:58,11.71
11/01/2020 14:01,11.72
11/01/2020 14:04,11.74
11/01/2020 14:07,11.75
11/01/2020 14:10,11.76
11/01/2020 14:13,11.77
11/01/2020 14:16,11.78
11/01/2020 14:19,11.78
11/01/2020 14:22,11.79
11/01/2020 14:25,11.79
11/01/2020 14:28,11.79
11/01/2020 14:31,11.78
11/01/2020 14:34,11.78
11/01/2020 14:37,11.78
11/01/2020 14:40,11.77
11/01/2020 14:43,11.76
11/01/2020 14:46,11.75
11/01/2020 14:49,11.74
11/01/2020 14:52,11.74
11/01/2020 14:55,11.73
11/01/2020 14:58,11.72
11/01/2020 15:01,11.71
11/01/2020 15:04,11.7
11/01/2020 15:07,11.69
11/01/2020 15:11,11.67
11/01/2020 15:14,11.66
11/01/2020 15:17,11.65
11/01/2020 15:20,11.63
11/01/2020 15:23,11.61
11/01/2020 15:26,11.6
11/01/2020 15:29,11.58
11/01/2020 15:32,11.56
11/01/2020 15:35,11.54
11/01/2020 15:38,11.52
11/01/2020 15:41,11.5
11/01/2020 15:44,11.48
11/01/2020 15:47,11.46
11/01/2020 15:50,11.44
11/01/2020 15:53,11.42
11/01/2020 15:56,10.75
11/01/2020 15:59,10.74
11/01/2020 16:02,10.74
11/01/2020 16:05,10.73
11/01/2020 16:08,10.73
11/01/2020 16:11,10.72
11/01/2020 16:14,10.71
11/01/2020 16:17,10.7
11/01/2020 16:20,10.7
11/01/2020 16:23,10.69
11/01/2020 16:26,10.68
11/01/2020 16:29,10.67
11/01/2020 16:32,10.66
11/01/2020 16:35,10.65
11/01/2020 16:38,10.65
11/01/2020 16:41,10.66
11/01/2020 16:44,10.65
11/01/2020 16:47,10.64
11/01/2020 16:50,10.63
11/01/2020 16:53,10.63
11/01/2020 16:56,10.62
11/01/2020 16:59,10.61
11/01/2020 17:02,10.6
11/01/2020 17:05,10.6
11/01/2020 17:08,10.59
11/01/2020 17:11,10.58
11/01/2020 17:14,10.58
11/01/2020 17:17,10.57
11/01/2020 17:20,10.56
11/01/2020 17:23,10.56
11/01/2020 17:26,10.55
11/01/2020 17:29,10.54
11/01/2020 17:32,10.54
11/01/2020 17:35,10.53
11/01/2020 17:38,10.52
11/01/2020 17:41,10.52
11/01/2020 17:44,10.51
11/01/2020 17:47,10.51
11/01/2020 17:50,10.5
11/01/2020 17:53,10.49
11/01/2020 17:56,10.49
11/01/2020 17:59,10.48
11/01/2020 18:02,10.47
11/01/2020 18:05,10.53
11/01/2020 18:08,10.51
11/01/2020 18:11,10.5
11/01/2020 18:14,10.48
11/01/2020 18:17,10.47
11/01/2020 18:20,10.45
11/01/2020 18:23,10.43
11/01/2020 18:26,10.42
11/01/2020 18:29,10.4
11/01/2020 18:32,10.39
11/01/2020 18:35,10.49
11/01/2020 18:38,10.47
11/01/2020 18:41,10.48
11/01/2020 18:44,10.47
11/01/2020 18:47,10.46
11/01/2020 18:50,10.44
11/01/2020 18:53,10.43
11/01/2020 18:56,10.42
11/01/2020 18:59,10.41
11/01/2020 19:02,10.4
11/01/2020 19:06,10.39
11/01/2020 19:09,10.39
11/01/2020 19:12,10.38
11/01/2020 19:15,10.37
11/01/2020 19:18,10.36
11/01/2020 19:21,10.35
11/01/2020 19:24,10.34
11/01/2020 19:27,10.33
11/01/2020 19:30,10.32
11/01/2020 19:33,10.31
11/01/2020 19:36,10.3
11/01/2020 19:39,10.29
11/01/2020 19:42,10.28
11/01/2020 19:45,10.26
11/01/2020 19:48,10.25
11/01/2020 19:51,10.25
11/01/2020 19:54,10.24
11/01/2020 19:57,10.23
11/01/2020 20:00,10.22
11/01/2020 20:03,10.21
11/01/2020 20:06,10.2
11/01/2020 20:09,10.19
11/01/2020 20:12,10.19
11/01/2020 20:15,10.18
11/01/2020 20:18,10.17
11/01/2020 20:21,10.16
11/01/2020 20:24,10.15
11/01/2020 20:27,10.15
11/01/2020 20:30,10.14
11/01/2020 20:33,10.13
11/01/2020 20:36,10.12
11/01/2020 20:39,10.12
11/01/2020 20:42,10.09
11/01/2020 20:45,10.09
11/01/2020 20:48,10.08
11/01/2020 20:51,10.08
11/01/2020 20:54,10.07
11/01/2020 20:57,10.07
11/01/2020 21:00,10.06
11/01/2020 21:03,10.06
11/01/2020 21:06,10.06
11/01/2020 21:09,10.05
11/01/2020 21:12,10.05
11/01/2020 21:15,10.05
11/01/2020 21:18,10.05
11/01/2020 21:21,10.04
11/01/2020 21:24,10.04
11/01/2020 21:27,10.04
11/01/2020 21:30,10.04
11/01/2020 21:33,10.04
11/01/2020 21:36,10.04
11/01/2020 21:39,10.04
11/01/2020 21:42,10.07
11/01/2020 21:45,10.07
11/01/2020 21:48,10.07
11/01/2020 21:51,10.07
11/01/2020 21:54,10.07
11/01/2020 21:57,10.08
11/01/2020 22:00,10.08
11/01/2020 22:03,10.08
11/01/2020 22:06,10.08
11/01/2020 22:09,10.09
11/01/2020 22:12,10.09
11/01/2020 22:15,10.1
11/01/2020 22:18,10.1
11/01/2020 22:21,10.11
11/01/2020 22:24,10.11
11/01/2020 22:27,10.12
11/01/2020 22:30,10.12
11/01/2020 22:33,10.13
11/01/2020 22:36,10.13
11/01/2020 22:39,10.14
11/01/2020 22:42,10.15
11/01/2020 22:45,10.15
11/01/2020 22:48,10.17
11/01/2020 22:51,10.18
11/01/2020 22:54,10.18
11/01/2020 22:57,10.19
11/01/2020 23:00,10.2
11/01/2020 23:03,10.2
11/01/2020 23:06,10.21
11/01/2020 23:09,10.21
11/01/2020 23:12,10.22
11/01/2020 23:16,10.22
11/01/2020 23:19,10.22
11/01/2020 23:22,10.23
11/01/2020 23:25,10.23
11/01/2020 23:28,10.23
11/01/2020 23:31,10.24
11/01/2020 23:34,10.24
11/01/2020 23:37,10.25
11/01/2020 23:40,10.26
11/01/2020 23:43,10.26
11/01/2020 23:46,10.23
11/01/2020 23:49,10.24
11/01/2020 23:52,10.25
11/01/2020 23:55,10.26
11/01/2020 23:58,10.28
12/01/2020 00:01,10.29
12/01/2020 00:04,10.31
12/01/2020 00:07,10.33
12/01/2020 00:10,10.36
12/01/2020 00:13,10.38
12/01/2020 00:16,10.41
12/01/2020 00:19,10.44
12/01/2020 00:22,10.47
12/01/2020 00:25,10.28
12/01/2020 00:28,10.28
12/01/2020 00:31,10.28
12/01/2020 00:34,10.28
12/01/2020 00:37,10.28
12/01/2020 00:40,10.27
12/01/2020 00:43,10.27
12/01/2020 00:46,10.26
12/01/2020 00:49,10.26
12/01/2020 00:52,10.26
12/01/2020 00:55,10.27
12/01/2020 00:58,10.27
12/01/2020 01:01,10.27
12/01/2020 01:04,10.27
12/01/2020 01:07,10.27
12/01/2020 01:10,10.27
12/01/2020 01:13,10.27
12/01/2020 01:16,10.27
12/01/2020 01:19,10.27
12/01/2020 01:22,10.27
12/01/2020 01:25,10.27
12/01/2020 01:28,10.27
12/01/2020 01:31,10.27
12/01/2020 01:34,10.27
12/01/2020 01:37,10.27
12/01/2020 01:40,10.29
12/01/2020 01:43,10.29
12/01/2020 01:46,10.29
12/01/2020 01:49,10.29
12/01/2020 01:52,10.29
12/01/2020 01:55,10.29
12/01/2020 01:58,10.29
12/01/2020 02:01,10.29
12/01/2020 02:04,10.29
12/01/2020 02:07,10.29
12/01/2020 02:10,10.29
12/01/2020 02:13,10.29
12/01/2020 02:16,10.28
12/01/2020 02:19,10.28
12/01/2020 02:22,10.28
12/01/2020 02:25,10.27
12/01/2020 02:28,10.27
12/01/2020 02:31,10.27
12/01/2020 02:34,10.27
12/01/2020 02:37,10.27
12/01/2020 02:40,10.24
12/01/2020 02:43,10.25
12/01/2020 02:46,10.26
12/01/2020 02:49,10.26
12/01/2020 02:52,10.28
12/01/2020 02:56,10.29
12/01/2020 02:59,10.31
12/01/2020 03:02,10.33
12/01/2020 03:05,10.35
12/01/2020 03:08,10.38
12/01/2020 03:11,10.42
12/01/2020 03:14,10.45
12/01/2020 03:17,10.49
12/01/2020 03:20,10.53
12/01/2020 03:23,10.58
12/01/2020 03:26,10.62
12/01/2020 03:29,10.66
12/01/2020 03:32,10.71
12/01/2020 03:35,10.75
12/01/2020 03:38,10.8
12/01/2020 03:41,10.83
12/01/2020 03:44,10.87
12/01/2020 03:47,10.91
12/01/2020 03:50,10.95
12/01/2020 03:53,10.99
12/01/2020 03:56,11.02
12/01/2020 03:59,11.05
12/01/2020 04:02,11.07
12/01/2020 04:05,11.1
12/01/2020 04:08,11.12
12/01/2020 04:11,11.14
12/01/2020 04:14,11.16
12/01/2020 04:17,11.18
12/01/2020 04:20,11.2
12/01/2020 04:23,11.21
12/01/2020 04:26,11.23
12/01/2020 04:29,11.24
12/01/2020 04:32,11.25
12/01/2020 04:35,11.26
12/01/2020 04:38,11.28
12/01/2020 04:41,11.27
12/01/2020 04:44,11.28
12/01/2020 04:47,11.29
12/01/2020 04:50,11.3
12/01/2020 04:53,11.31
12/01/2020 04:56,11.32
12/01/2020 04:59,11.33
12/01/2020 05:02,11.33
12/01/2020 05:05,11.34
12/01/2020 05:08,11.35
12/01/2020 05:11,11.35
12/01/2020 05:14,11.36
12/01/2020 05:17,11.36
12/01/2020 05:20,11.37
12/01/2020 05:23,11.37
12/01/2020 05:26,11.37
12/01/2020 05:29,11.38
12/01/2020 05:32,11.38
12/01/2020 05:35,11.38
12/01/2020 05:38,11.38
12/01/2020 05:41,11.37
12/01/2020 05:44,11.37
12/01/2020 05:47,11.23
12/01/2020 05:50,11.21
12/01/2020 05:53,11.2
12/01/2020 05:56,11.18
12/01/2020 05:59,11.17
12/01/2020 06:02,11.16
12/01/2020 06:05,11.15
12/01/2020 06:08,11.15
12/01/2020 06:11,11.14
12/01/2020 06:14,11.14
12/01/2020 06:17,11.08
12/01/2020 06:20,11.09
12/01/2020 06:23,11.1
12/01/2020 06:26,11.11
12/01/2020 06:29,11.12
12/01/2020 06:32,11.13
12/01/2020 06:36,11.12
12/01/2020 06:39,11.13
12/01/2020 06:42,11.13
12/01/2020 06:45,11.13
12/01/2020 06:48,10.95
12/01/2020 06:51,10.95
12/01/2020 06:54,10.94
12/01/2020 06:57,10.93
12/01/2020 07:00,10.92
12/01/2020 07:03,10.91
12/01/2020 07:06,10.9
12/01/2020 07:09,10.9
12/01/2020 07:12,10.89
12/01/2020 07:15,10.89
12/01/2020 07:18,10.88
12/01/2020 07:21,10.88
12/01/2020 07:24,10.87
12/01/2020 07:27,10.86
12/01/2020 07:30,10.85
12/01/2020 07:33,10.83
12/01/2020 07:36,10.8
12/01/2020 07:39,10.77
12/01/2020 07:42,10.75
12/01/2020 07:45,10.74
12/01/2020 07:48,10.68
12/01/2020 07:51,10.62
12/01/2020 07:54,10.54
12/01/2020 07:57,10.46
12/01/2020 08:00,10.36
12/01/2020 08:03,10.24
12/01/2020 08:06,10.1
12/01/2020 08:09,9.94
12/01/2020 08:12,9.77
12/01/2020 08:15,9.59
12/01/2020 08:18,9.39
12/01/2020 08:21,9.18
12/01/2020 08:24,8.97
12/01/2020 08:27,8.76
12/01/2020 08:30,8.54
12/01/2020 08:33,8.32
12/01/2020 08:36,8.11
12/01/2020 08:39,7.9
12/01/2020 08:42,7.76
12/01/2020 08:45,7.57
12/01/2020 08:48,7.39
12/01/2020 08:51,7.23
12/01/2020 08:54,7.09
12/01/2020 08:57,6.97
12/01/2020 09:00,6.87
12/01/2020 09:03,6.79
12/01/2020 09:06,6.72
12/01/2020 09:09,6.67
12/01/2020 09:12,6.62
12/01/2020 09:15,6.6
12/01/2020 09:18,6.58
12/01/2020 09:21,6.57
12/01/2020 09:24,6.56
12/01/2020 09:27,6.57
12/01/2020 09:30,6.58
12/01/2020 09:33,6.6
12/01/2020 09:36,6.61
12/01/2020 09:39,6.63
12/01/2020 09:42,7.32
12/01/2020 09:45,7.15
12/01/2020 09:48,7.01
12/01/2020 09:51,6.9
12/01/2020 09:54,6.83
12/01/2020 09:57,6.78
12/01/2020 10:00,6.77
12/01/2020 10:03,6.8
12/01/2020 10:06,6.87
12/01/2020 10:09,6.97
12/01/2020 10:12,7.1
12/01/2020 10:15,7.26
12/01/2020 10:18,7.43
12/01/2020 10:21,7.63
12/01/2020 10:24,7.84
12/01/2020 10:27,8.06
12/01/2020 10:30,8.28
12/01/2020 10:33,8.51
12/01/2020 10:36,8.74
12/01/2020 10:39,8.97
12/01/2020 10:42,9.17
12/01/2020 10:45,9.37
12/01/2020 10:48,9.56
12/01/2020 10:51,9.73
12/01/2020 10:54,9.88
12/01/2020 10:57,10
12/01/2020 11:01,10.09
12/01/2020 11:04,10.16
12/01/2020 11:07,10.22
12/01/2020 11:10,10.26
12/01/2020 11:13,10.29
12/01/2020 11:16,10.31
12/01/2020 11:19,10.32
12/01/2020 11:22,10.32
12/01/2020 11:25,10.32
12/01/2020 11:28,10.3
12/01/2020 11:31,10.29
12/01/2020 11:34,10.27
12/01/2020 11:37,10.24
12/01/2020 11:40,10.21
12/01/2020 11:43,10.19
12/01/2020 11:46,10.16
12/01/2020 11:49,10.14
12/01/2020 11:52,10.12
12/01/2020 11:55,10.1
12/01/2020 11:58,10.1
12/01/2020 12:01,10.1
12/01/2020 12:04,10.11
12/01/2020 12:07,6.79
12/01/2020 12:10,6.9
12/01/2020 12:13,7.04
12/01/2020 12:16,7.21
12/01/2020 12:19,7.4
12/01/2020 12:22,7.6
12/01/2020 12:25,7.82
12/01/2020 12:28,8.05
12/01/2020 12:31,8.29
12/01/2020 12:34,8.53
12/01/2020 12:37,10.17
12/01/2020 12:40,10.19
12/01/2020 12:43,10.2
12/01/2020 12:46,9.46
12/01/2020 12:49,9.66
12/01/2020 12:52,9.84
12/01/2020 12:55,10
12/01/2020 12:58,10.13
12/01/2020 13:01,10.23
12/01/2020 13:04,10.31
12/01/2020 13:07,10.38
12/01/2020 13:10,10.44
12/01/2020 13:13,10.49
12/01/2020 13:16,10.53
12/01/2020 13:19,10.56
12/01/2020 13:22,10.59
12/01/2020 13:25,10.6
12/01/2020 13:28,10.61
12/01/2020 13:31,10.61
12/01/2020 13:34,10.62
12/01/2020 13:37,10.61
12/01/2020 13:40,10.61
12/01/2020 13:43,10.61
12/01/2020 13:46,10.61
12/01/2020 13:49,10.6
12/01/2020 13:52,10.6
12/01/2020 13:55,10.6
12/01/2020 13:58,10.61
12/01/2020 14:01,10.62
12/01/2020 14:04,10.63
12/01/2020 14:07,10.63
12/01/2020 14:10,10.64
12/01/2020 14:13,10.65
12/01/2020 14:16,10.65
12/01/2020 14:19,10.65
12/01/2020 14:22,10.65
12/01/2020 14:25,10.66
12/01/2020 14:28,10.65
